OpSys_No OS,company_MSI,CPU_BRAND_AMD,CPU_BRAND_Intel,GPU_BRAND_Intel,GPU_BRAND_AMD,company_Acer,Weight,Memory_Type_Flash,typeName_Workstation,typeName_Ultrabook,GPU_BRAND_Nvidia,typeName_Gaming,Memory_Type_HDD,CPU_FREQUENCY,Memory_Type_SSD,typeName_Notebook,ScreenHeight,ScreenWidth,Ram,Price_euros
0,0,0,1,1,0,0,1.37,0,0,1,0,0,0,2.3,1,0,1600,2560,8,1339.69
0,0,0,1,1,0,0,1.34,1,0,1,0,0,0,1.8,0,0,900,1440,8,898.94
1,0,0,1,1,0,0,1.86,0,0,0,0,0,0,2.5,1,1,1080,1920,8,575.0
0,0,0,1,0,1,0,1.83,0,0,1,0,0,0,2.7,1,0,1800,2880,16,2537.45
0,0,0,1,1,0,0,1.37,0,0,1,0,0,0,3.1,1,0,1600,2560,8,1803.6
0,0,1,0,0,1,1,2.1,0,0,0,0,0,1,3.0,0,1,768,1366,4,400.0
0,0,0,1,1,0,0,2.04,1,0,1,0,0,0,2.2,0,0,1800,2880,16,2139.97
0,0,0,1,1,0,0,1.34,1,0,1,0,0,0,1.8,0,0,900,1440,8,1158.7
0,0,0,1,0,0,0,1.3,0,0,1,1,0,0,1.8,1,0,1080,1920,16,1495.0
0,0,0,1,1,0,1,1.6,0,0,1,0,0,0,1.6,1,0,1080,1920,8,770.0
1,0,0,1,1,0,0,1.86,0,0,0,0,0,1,2.5,0,1,768,1366,4,393.9
1,0,0,1,1,0,0,1.86,0,0,0,0,0,1,2.0,0,1,1080,1920,4,344.99
0,0,0,1,0,1,0,1.83,0,0,1,0,0,0,2.8,1,0,1800,2880,16,2439.97
0,0,0,1,0,1,0,2.2,0,0,0,0,0,0,2.0,1,1,1080,1920,4,498.9
0,0,0,1,1,0,0,0.92,0,0,1,0,0,0,1.2,1,0,1440,2304,8,1262.4
0,0,0,1,1,0,0,1.37,0,0,1,0,0,0,2.3,1,0,1600,2560,8,1518.55
0,0,0,1,0,1,0,2.2,0,0,0,0,0,0,2.7,1,1,1080,1920,8,745.0
0,0,0,1,0,1,0,1.83,0,0,1,0,0,0,2.9,1,0,1800,2880,16,2858.0
1,0,0,1,0,0,0,2.2,0,0,0,1,0,1,2.4,0,1,1080,1920,8,499.0
0,0,0,1,1,0,0,1.22,0,0,1,0,0,0,1.6,1,0,1080,1920,8,979.0
0,0,0,1,1,0,0,0.98,1,0,0,0,0,0,1.44,0,0,768,1366,2,191.9
0,0,0,1,0,0,0,2.5,0,0,0,1,1,0,2.5,1,0,1080,1920,8,999.0
1,0,1,0,0,1,0,1.86,0,0,0,0,0,1,1.5,0,1,768,1366,4,258.0
0,0,0,1,1,0,0,1.62,0,0,0,0,0,0,1.6,1,0,1080,1920,8,819.0
0,0,0,1,1,0,0,1.91,0,0,1,0,0,0,1.8,1,0,1080,1920,8,659.0
0,0,0,1,1,0,0,2.3,0,0,0,0,0,1,2.0,0,1,768,1366,4,418.64
0,0,0,1,1,0,0,1.35,1,0,1,0,0,0,1.6,0,0,900,1440,8,1099.0
0,0,0,1,0,1,0,2.2,0,0,0,0,0,0,1.6,1,1,1080,1920,8,800.0
0,0,0,1,1,0,0,1.88,0,0,1,0,0,0,1.9,1,0,1080,1920,8,1298.0
0,0,0,1,0,0,0,2.5,0,0,0,1,0,1,1.6,0,1,1080,1920,8,896.0
0,0,0,1,1,0,0,1.89,1,0,0,0,0,0,1.44,0,1,1080,1920,4,244.99
0,0,1,0,0,1,0,1.65,1,0,0,0,0,0,1.5,0,1,768,1366,2,199.0
0,0,1,0,0,1,0,2.71,0,0,0,0,0,1,2.5,0,1,1080,1920,4,439.0
0,0,0,1,1,0,0,1.2,0,0,1,0,0,0,1.8,1,0,1800,3200,16,1869.0
0,0,0,1,1,0,0,1.35,1,0,1,0,0,0,1.6,0,0,900,1440,8,998.0
0,0,0,1,1,0,0,1.44,1,0,0,0,0,0,1.1,0,1,768,1366,4,249.0
0,0,0,1,1,0,1,2.1,0,0,0,0,0,1,2.7,0,1,768,1366,4,367.0
0,0,0,1,0,1,0,2.8,0,0,0,0,0,0,1.6,1,1,1080,1920,8,979.0
0,0,0,1,1,0,0,1.86,0,0,0,0,0,1,2.5,0,1,768,1366,4,488.69
0,0,0,1,0,0,0,2.1,0,0,0,1,0,0,1.6,1,1,1080,1920,8,879.0
0,0,0,1,1,0,0,2.0,0,0,0,0,0,1,2.0,0,1,1080,1920,4,389.0
0,0,0,1,0,0,0,2.65,0,0,0,1,1,0,2.8,1,0,1080,1920,16,1499.0
0,0,0,1,0,0,0,2.3,0,0,0,1,0,1,2.5,0,1,768,1366,8,522.99
0,0,0,1,1,0,1,2.2,0,0,0,0,0,0,1.6,1,1,1080,1920,4,682.0
0,0,0,1,0,0,0,2.77,0,0,0,1,0,1,1.6,0,0,1080,1920,12,999.0
0,0,0,1,1,0,0,1.37,0,0,1,0,0,0,2.0,1,0,1600,2560,8,1419.0
1,0,0,1,1,0,0,2.2,0,0,0,0,0,0,2.0,1,1,768,1366,4,369.0
0,0,1,0,0,1,0,3.2,0,0,0,0,1,0,3.0,1,0,1080,1920,8,1299.0
0,0,0,1,0,1,0,2.3,0,0,0,0,0,0,2.5,1,1,1080,1920,4,639.0
0,0,0,1,0,0,0,2.8,0,0,0,1,0,1,1.1,0,1,768,1366,4,466.0
0,0,0,1,1,0,0,0.69,1,0,0,0,0,0,1.44,0,0,1200,1920,4,319.0
0,0,0,1,0,0,1,2.2,0,0,0,1,0,0,1.8,1,1,1080,1920,8,841.0
0,0,1,0,0,1,0,1.86,0,0,0,0,0,0,2.5,1,1,1080,1920,4,398.49
0,0,0,1,1,0,0,1.49,0,0,0,0,0,0,1.8,1,1,1080,1920,8,1103.0
0,0,0,1,1,0,1,2.4,0,0,0,0,0,1,2.4,0,1,768,1366,4,384.0
0,0,0,1,0,1,0,2.13,0,0,0,0,0,0,1.8,1,1,1080,1920,8,767.8
0,0,0,1,1,0,0,1.91,0,0,0,0,0,0,2.0,1,1,1080,1920,4,439.0
0,0,0,1,1,0,0,2.0,0,0,0,0,0,0,2.5,1,1,768,1366,4,586.19
0,1,0,1,0,0,0,2.43,0,0,0,1,1,0,2.8,1,0,1080,1920,16,2449.0
0,0,0,1,1,0,0,2.0,0,0,0,0,0,0,2.0,1,1,1080,1920,4,415.0
0,0,0,1,0,1,0,2.8,0,0,0,0,0,0,1.8,1,1,1080,1920,16,1299.0
0,0,0,1,1,0,0,1.7,0,0,1,0,0,0,1.6,1,0,1080,1920,8,879.0
1,0,0,1,1,0,0,1.7,0,0,0,0,0,0,2.7,1,1,1080,1920,8,599.0
0,0,0,1,1,0,0,1.4,0,0,0,0,0,0,1.6,1,1,1080,1920,8,941.0
0,0,0,1,1,0,0,1.86,0,0,0,0,0,0,2.5,1,1,1080,1920,8,690.0
0,0,0,1,0,0,0,1.8,0,0,1,1,0,0,2.8,1,0,1080,1920,16,1983.0
0,0,0,1,0,1,0,1.86,0,0,0,0,0,1,2.0,0,1,768,1366,4,438.69
0,0,0,1,1,0,0,1.44,0,0,0,0,0,0,1.6,1,1,768,1366,4,229.0
0,0,0,1,1,0,0,1.9,0,0,0,0,0,1,2.5,0,1,1080,1920,4,549.0
0,0,0,1,0,0,0,3.0,0,0,0,1,1,1,2.8,0,0,1080,1920,12,949.0
0,0,0,1,1,0,0,1.252,0,0,1,0,0,0,2.5,1,0,1504,2256,4,1089.0
0,0,0,1,0,1,0,1.4,0,0,1,0,0,0,1.8,1,0,1080,1920,8,955.0
0,0,0,1,0,1,0,2.2,0,0,0,0,0,0,1.8,1,1,1080,1920,8,870.0
0,1,0,1,0,0,0,2.7,0,0,0,1,1,0,2.5,1,0,1080,1920,8,1095.0
0,0,0,1,1,0,1,2.1,0,0,0,0,0,1,2.0,0,1,768,1366,8,389.0
0,0,0,1,0,0,0,2.2,0,0,0,1,1,1,2.8,0,0,1080,1920,8,949.0
1,0,0,1,1,0,0,2.2,0,0,0,0,0,1,2.5,0,1,1080,1920,8,519.0
0,0,0,1,1,0,0,2.02,0,0,0,0,0,0,1.8,1,1,1080,1920,8,855.0
0,0,0,1,0,0,1,2.2,0,0,0,1,0,1,2.7,0,1,1080,1920,4,530.0
0,0,0,1,0,0,0,2.5,0,0,0,1,0,0,1.6,1,1,1080,1920,8,977.0
0,0,0,1,1,0,0,1.88,0,0,1,0,0,0,1.6,1,0,1080,1920,8,1096.16
0,0,0,1,1,0,0,0.92,0,0,1,0,0,0,1.3,1,0,1440,2304,8,1510.0
0,0,0,1,1,0,0,1.63,0,0,0,0,0,0,1.6,1,1,1080,1920,8,860.0
0,0,1,0,0,1,0,2.2,0,0,0,0,0,0,2.5,1,1,1080,1920,4,399.0
0,0,1,0,0,1,1,2.1,0,0,0,0,0,1,3.0,0,1,768,1366,4,395.0
0,0,0,1,0,0,0,2.65,0,0,0,1,1,0,2.8,1,0,1080,1920,16,1349.0
0,0,0,1,0,0,0,1.83,0,0,1,1,0,0,1.8,1,0,1080,1920,8,699.0
0,0,0,1,1,0,0,1.96,0,0,0,0,0,0,2.5,1,1,1080,1920,8,598.99
0,0,0,1,0,0,0,2.2,0,0,0,1,1,0,2.8,1,0,1080,1920,16,1449.0
0,0,0,1,1,0,0,1.21,0,0,1,0,0,0,1.8,1,0,1080,1920,8,1649.0
0,0,1,0,0,1,0,2.45,0,0,0,0,1,1,3.0,0,0,1080,1920,8,699.0
0,0,0,1,0,0,1,2.2,0,0,0,1,0,1,1.8,0,1,1080,1920,8,689.0
0,0,0,1,1,0,0,1.49,0,0,0,0,0,0,1.8,1,1,1080,1920,16,1197.0
0,0,0,1,0,0,0,2.65,0,0,0,1,1,0,2.5,1,0,1080,1920,8,1195.0
0,0,0,1,1,0,0,1.25,0,0,1,0,0,0,2.7,1,0,1080,1920,8,1049.0
0,0,0,1,1,0,1,1.5,0,0,0,0,0,0,1.6,1,0,1080,1920,8,847.0
0,0,0,1,0,1,0,2.2,0,0,0,0,0,1,2.7,0,1,1080,1920,8,599.9
0,0,0,1,0,1,0,2.2,0,0,0,0,0,0,2.0,1,1,1080,1920,4,485.0
0,0,0,1,0,0,0,2.0,0,0,0,1,0,0,2.4,1,1,1080,1920,6,577.0
0,0,0,1,0,0,0,2.62,0,0,0,1,1,0,2.8,1,0,1080,1920,12,1249.0
0,0,0,1,0,1,0,1.91,0,0,0,0,0,0,2.7,1,1,1080,1920,8,719.0
0,0,1,0,0,1,0,2.1,0,0,0,0,0,1,1.5,0,1,1080,1920,4,349.0
0,0,0,1,0,1,0,2.2,0,0,0,0,0,1,1.6,0,1,1080,1920,8,647.0
0,0,0,1,0,0,0,1.38,0,0,1,1,0,0,2.7,1,0,1080,1920,8,1119.0
0,0,0,1,1,0,0,1.252,0,0,1,0,0,0,2.5,1,0,1504,2256,8,1340.0
0,0,0,1,0,0,0,1.58,0,0,0,1,0,0,2.5,1,1,1080,1920,6,659.0
0,0,0,1,1,0,0,1.85,0,0,0,0,0,1,2.0,0,1,1080,1920,4,414.9
0,0,0,1,0,0,0,1.3,0,0,1,1,0,0,2.7,1,0,1080,1920,8,1193.0
0,1,0,1,0,0,0,2.2,0,0,0,1,1,0,2.8,1,0,1080,1920,16,1299.0
0,0,0,1,1,0,0,1.58,0,0,0,0,0,0,2.7,1,1,1080,1920,8,1480.0
0,0,0,1,0,0,0,1.5,0,0,1,1,0,0,1.8,1,0,1080,1920,16,1262.0
0,0,0,1,1,0,0,1.23,0,0,1,0,0,0,2.4,1,0,1800,3200,8,1379.0
0,0,0,1,1,0,0,1.37,0,0,0,0,0,0,2.5,1,0,1080,1920,8,1399.0
0,0,0,1,1,0,0,1.63,0,0,0,0,0,1,1.6,0,1,768,1366,4,722.0
0,0,0,1,1,0,0,1.21,0,0,1,0,0,0,1.6,1,0,1080,1920,8,1629.0
0,0,0,1,1,0,0,1.26,0,0,0,0,0,0,1.6,1,0,1080,1920,8,1398.99
0,0,0,1,1,0,0,1.63,0,0,0,0,0,0,1.8,1,1,1080,1920,8,1084.0
0,0,0,1,0,0,0,2.16,0,0,0,1,0,0,1.8,1,1,1080,1920,8,1130.33
0,0,0,1,0,0,0,2.0,0,0,0,1,0,1,2.0,0,1,1080,1920,4,564.0
0,0,0,1,0,0,0,1.7,0,0,0,1,0,0,1.8,1,1,1080,1920,8,1118.0
0,0,0,1,1,0,1,2.1,0,0,0,0,0,1,2.4,0,1,1080,1920,6,479.0
0,1,0,1,0,0,0,1.8,0,0,0,1,1,0,2.8,1,0,1080,1920,16,2241.5
1,0,0,1,0,0,0,2.2,0,0,0,1,0,0,2.5,1,1,1080,1920,8,629.0
0,0,0,1,0,0,0,2.5,0,0,0,1,0,0,1.8,1,1,1080,1920,16,1271.0
0,0,1,0,0,1,1,2.1,0,0,0,0,0,0,3.0,1,1,768,1366,4,451.0
1,0,0,1,1,0,0,1.86,0,0,0,0,0,1,1.6,0,1,768,1366,4,259.0
0,0,0,1,1,0,0,1.63,0,0,0,0,0,1,1.6,0,1,1080,1920,8,812.0
0,0,1,0,0,1,0,1.65,0,0,0,0,0,0,1.5,1,1,768,1366,4,277.99
0,0,0,1,0,1,0,2.8,0,0,0,0,0,0,1.8,1,1,1080,1920,16,1396.0
0,0,0,1,1,0,0,2.5,0,0,0,0,0,0,1.6,1,1,1080,1920,8,928.0
0,0,0,1,0,1,0,2.36,0,0,0,0,0,1,2.5,0,1,768,1366,8,638.99
0,0,0,1,0,1,0,2.2,0,0,0,0,0,1,2.0,0,1,1080,1920,4,449.0
0,0,0,1,1,0,1,1.6,0,0,1,0,0,0,1.8,1,0,1080,1920,8,884.0
0,0,0,1,0,0,1,2.2,0,0,0,1,0,0,2.7,1,1,1080,1920,4,572.0
0,0,0,1,1,0,0,2.05,0,0,0,0,0,1,2.7,0,1,768,1366,8,598.0
0,0,0,1,1,0,0,1.63,0,0,0,0,0,0,1.8,1,1,1080,1920,8,988.0
1,0,0,1,1,0,0,1.9,0,0,0,0,0,1,1.1,0,1,768,1366,4,252.36
0,0,0,1,0,0,0,3.0,0,0,0,1,1,0,2.5,1,0,1080,1920,8,938.0
1,0,0,1,0,0,0,2.2,0,0,0,1,0,1,2.5,0,1,1080,1920,4,499.0
0,0,0,1,1,0,0,1.32,0,0,0,0,0,0,2.5,1,1,1080,1920,4,699.0
0,0,0,1,0,0,1,3.0,0,0,0,1,0,1,2.7,0,1,1080,1920,4,655.0
0,0,0,1,0,1,0,1.75,0,0,0,0,0,0,1.6,1,1,1080,1920,8,1116.02
1,0,0,1,0,0,0,2.4,0,0,0,1,1,0,2.8,1,0,1080,1920,8,869.0
0,0,0,1,1,0,0,2.1,0,0,0,0,0,1,2.3,0,1,768,1366,4,602.0
0,0,1,0,0,1,0,1.86,0,0,0,0,0,0,2.5,1,1,768,1366,4,369.0
0,0,0,1,1,0,0,1.25,0,0,1,0,0,0,1.8,1,0,1080,1920,8,1099.0
0,0,0,1,1,0,0,0.97,0,0,1,0,0,0,1.2,1,0,2160,3840,8,2014.0
0,0,0,1,1,0,0,2.0,0,0,0,0,0,1,1.1,0,1,1080,1920,4,344.0
0,1,0,1,0,0,0,2.9,0,0,0,1,1,0,2.8,1,0,1080,1920,16,2029.0
0,0,0,1,1,0,1,2.1,0,0,0,0,0,1,2.0,0,1,768,1366,4,447.0
0,0,0,1,0,0,0,2.56,0,0,0,1,1,0,2.8,1,0,1080,1920,16,1249.26
0,0,0,1,0,0,0,2.62,0,0,0,1,1,0,2.8,0,0,1080,1920,8,899.0
0,0,0,1,1,0,0,1.9,0,0,0,0,0,0,2.5,1,1,768,1366,4,498.0
0,1,0,1,0,0,0,2.8,0,0,0,1,1,0,2.8,1,0,1080,1920,16,1890.0
0,0,0,1,1,0,0,1.48,0,0,1,0,0,0,2.7,1,0,1080,1920,4,1082.0
0,0,0,1,0,1,0,1.91,0,0,0,0,0,0,1.6,1,1,1080,1920,6,619.0
0,0,0,1,1,0,0,1.74,0,0,0,0,0,0,2.4,1,0,1080,1920,4,629.0
0,0,0,1,1,0,0,1.1,0,0,0,0,0,0,1.6,1,0,1080,1920,8,1315.0
0,0,0,1,1,0,0,1.56,0,0,0,0,0,0,1.8,1,0,1080,1920,8,1049.0
0,0,0,1,1,0,0,2.1,0,0,0,0,0,1,2.2,0,1,768,1366,4,447.0
0,0,1,0,0,1,0,2.03,0,0,0,0,0,1,3.0,0,1,768,1366,4,403.0
0,0,0,1,0,0,1,3.0,0,0,0,1,0,0,1.6,1,1,1080,1920,4,805.0
0,0,0,1,0,1,0,2.13,0,0,0,0,0,0,1.6,1,1,1080,1920,8,728.0
0,0,0,1,0,0,0,2.5,0,0,0,1,1,0,2.8,1,0,1080,1920,16,1079.0
0,0,0,1,1,0,1,2.1,0,0,0,0,0,1,1.1,0,1,768,1366,4,348.0
0,1,0,1,0,0,0,2.4,0,0,0,1,1,0,2.8,1,0,1080,1920,16,1799.0
0,0,0,1,1,0,1,2.1,0,0,0,0,0,1,1.1,0,1,768,1366,4,363.51
0,0,0,1,0,0,0,2.56,0,0,0,1,1,0,2.8,1,0,1080,1920,8,1060.49
0,0,0,1,0,0,1,3.0,0,0,0,1,0,0,1.6,1,1,1080,1920,8,854.0
0,0,0,1,1,0,0,1.49,0,0,0,0,0,1,1.6,0,1,1080,1920,4,754.0
0,0,0,1,1,0,0,1.05,0,0,1,0,0,0,2.5,1,0,1440,2160,8,1349.0
0,0,0,1,0,1,0,2.71,0,0,0,0,0,1,2.5,0,1,1080,1920,6,699.0
1,0,1,0,0,1,0,2.2,0,0,0,0,0,1,2.9,0,1,768,1366,4,309.0
0,0,0,1,1,0,0,2.0,0,0,0,0,0,1,2.4,0,1,768,1366,4,489.0
0,0,0,1,0,0,0,2.5,0,0,0,1,0,0,1.6,1,1,1080,1920,8,923.0
0,0,0,1,1,0,0,2.3,0,0,0,0,0,1,2.4,0,1,768,1366,8,459.0
0,0,0,1,1,0,1,2.1,0,0,0,0,0,0,2.0,1,1,768,1366,4,449.0
0,1,0,1,0,0,0,4.4,0,0,0,1,1,0,2.9,1,0,1080,1920,32,2799.0
0,0,0,1,0,1,0,1.9,0,0,0,0,0,0,2.5,1,1,1080,1920,8,813.0
0,0,0,1,1,0,0,1.29,0,0,0,0,0,0,1.6,1,0,2160,3840,8,1499.0
0,0,0,1,0,1,0,2.02,0,0,0,0,0,0,1.8,1,1,1080,1920,16,1049.0
0,0,0,1,1,0,0,1.23,0,0,1,0,0,0,1.6,1,0,1080,1920,8,1399.0
0,0,0,1,1,0,0,1.4,0,0,0,0,0,0,1.8,1,0,2160,3840,16,1849.0
0,0,0,1,1,0,0,2.0,0,0,0,0,0,0,2.5,1,1,768,1366,8,793.0
1,0,0,1,0,0,0,1.95,0,0,0,1,0,0,1.6,1,1,1080,1920,8,1199.0
0,0,0,1,0,0,0,2.77,0,0,0,1,0,0,1.8,1,1,1080,1920,16,1549.0
0,0,0,1,0,0,0,2.06,0,0,0,1,0,0,2.8,1,1,2160,3840,16,2397.0
1,0,0,1,0,0,0,2.4,0,0,0,1,1,0,2.5,1,0,1080,1920,8,779.0
0,0,0,1,1,0,1,1.12,0,0,1,0,0,0,1.2,1,0,1080,1920,8,989.0
0,0,0,1,0,1,0,2.8,0,0,0,0,0,0,1.8,1,1,1080,1920,8,1085.0
0,0,0,1,1,0,0,1.42,0,0,0,0,0,0,2.7,1,0,1440,2560,16,2824.0
0,0,0,1,1,0,0,1.3,1,0,0,0,0,0,1.1,0,1,1080,1920,4,260.0
1,0,0,1,0,0,0,1.3,0,0,1,1,0,0,2.5,1,0,1080,1920,8,999.9
1,0,0,1,0,0,0,2.8,0,0,0,1,0,0,1.6,1,1,900,1600,8,698.0
0,0,0,1,1,0,0,1.62,0,0,0,0,0,1,1.8,0,0,1080,1920,8,839.0
0,0,0,1,0,0,0,2.5,0,0,0,1,0,1,1.6,0,1,1080,1920,8,914.0
0,0,0,1,0,0,0,3.49,0,0,0,1,1,0,2.9,1,0,2160,3840,32,6099.0
0,0,0,1,1,0,0,1.49,0,0,0,0,0,0,1.6,1,1,1080,1920,8,959.0
0,0,0,1,0,0,0,3.35,0,0,0,1,1,0,2.8,1,0,1080,1920,16,1379.0
0,0,0,1,0,0,0,2.5,0,0,0,1,0,0,1.8,1,1,1080,1920,8,1045.0
0,0,0,1,0,0,0,2.65,0,0,0,1,1,0,2.8,1,0,2160,3840,16,1845.0
0,0,0,1,1,0,0,2.1,0,0,0,0,0,0,2.3,1,1,768,1366,4,493.0
0,0,0,1,0,0,1,2.23,0,0,0,1,0,1,2.7,0,1,1080,1920,8,742.0
0,0,0,1,0,0,0,3.2,0,0,0,1,1,0,2.8,1,0,1080,1920,16,1749.0
0,0,0,1,0,0,0,2.8,0,1,0,1,0,0,3.0,1,0,2160,3840,16,3055.0
1,0,0,1,0,0,0,2.4,0,0,0,1,1,0,2.8,1,0,1080,1920,16,1398.0
0,0,0,1,1,0,0,2.3,0,0,0,0,0,1,2.4,0,1,768,1366,6,439.0
0,0,0,1,1,0,0,1.21,0,0,1,0,0,0,1.8,1,0,2160,3840,8,1949.0
0,0,0,1,1,0,0,1.2,0,0,1,0,0,0,1.8,1,0,1080,1920,8,1449.0
0,0,0,1,1,0,0,2.2,0,0,0,0,0,0,2.5,1,1,768,1366,8,597.0
0,0,0,1,0,0,1,2.4,0,0,0,1,0,1,2.8,0,1,1080,1920,8,779.0
0,0,0,1,0,0,0,2.9,0,0,0,1,1,0,2.8,1,0,1080,1920,16,1407.0
1,0,0,1,1,0,0,2.1,0,0,0,0,0,1,2.0,0,1,1080,1920,4,349.0
1,0,0,1,1,0,0,2.2,0,0,0,0,0,0,2.5,1,1,1080,1920,8,549.0
0,0,0,1,1,0,0,1.05,0,0,1,0,0,0,2.7,1,0,1440,2160,8,1499.0
0,0,0,1,0,1,0,1.4,0,0,1,0,0,0,1.8,1,0,1080,1920,8,931.88
1,0,0,1,0,0,0,2.8,0,0,0,1,0,1,2.5,0,1,900,1600,8,589.0
0,0,0,1,0,0,0,1.63,0,0,0,1,0,0,1.8,1,1,1080,1920,8,1031.0
0,0,0,1,1,0,0,1.6,0,0,1,0,0,0,1.6,1,0,1080,1920,8,1149.0
0,0,0,1,1,0,0,1.62,0,0,0,0,0,0,1.8,1,0,1080,1920,16,1279.0
0,0,0,1,0,1,0,2.2,0,0,0,0,0,0,1.6,1,1,1080,1920,8,677.35
0,0,0,1,1,0,0,1.74,0,0,0,0,0,0,1.6,1,0,1080,1920,8,899.0
0,0,0,1,1,0,0,1.2,0,0,1,0,0,0,2.5,1,0,1080,1920,8,1363.0
0,0,0,1,1,0,0,2.1,0,0,0,0,0,1,1.6,0,1,1080,1920,8,794.0
0,0,0,1,0,0,0,4.42,0,0,0,1,1,0,2.8,1,0,1080,1920,16,2456.34
0,0,0,1,0,0,1,2.2,0,0,0,1,0,0,2.7,1,1,1080,1920,8,832.0
0,0,0,1,0,1,0,2.3,0,0,0,0,0,1,2.7,0,1,1080,1920,16,859.01
0,0,0,1,0,0,0,2.0,0,0,0,1,0,0,2.5,1,1,1080,1920,8,769.0
0,0,0,1,0,0,0,2.69,0,0,0,1,0,0,2.5,1,1,1080,1920,8,891.0
0,0,0,1,0,1,0,1.9,0,0,0,0,0,1,2.7,0,1,1080,1920,8,1269.0
0,0,0,1,1,0,0,2.37,0,0,0,0,0,1,2.4,0,1,768,1366,4,398.99
0,0,1,0,0,1,0,2.1,0,0,0,0,0,1,1.5,0,1,768,1366,4,330.0
0,0,0,1,0,0,0,3.2,0,0,0,1,1,0,2.8,1,0,1080,1920,16,1499.0
0,0,0,1,1,0,0,1.6,0,0,0,0,0,0,2.5,1,1,1080,1920,8,859.0
0,0,0,1,1,0,1,1.6,0,0,0,0,0,0,2.3,1,0,1080,1920,8,689.0
0,0,0,1,0,1,0,2.36,0,0,0,0,0,0,2.7,1,1,1080,1920,16,899.0
0,0,0,1,1,0,1,2.1,0,0,0,0,0,1,2.0,0,1,768,1366,4,390.0
0,0,1,0,0,1,0,2.2,0,0,0,0,0,0,2.5,1,1,1080,1920,4,575.0
0,0,0,1,0,0,0,4.7,0,0,0,1,1,0,2.9,1,0,1080,1920,32,3890.0
0,0,0,1,0,0,1,2.5,0,0,0,1,1,0,2.5,1,0,1080,1920,8,846.0
0,0,0,1,1,0,0,2.2,0,0,0,0,0,0,2.0,1,1,768,1366,8,589.0
0,0,0,1,0,0,0,2.1,0,0,0,1,0,0,1.8,1,1,1080,1920,8,1145.0
1,0,0,1,0,0,0,2.69,0,0,0,1,0,0,2.7,1,1,1080,1920,8,889.0
0,0,0,1,0,0,0,2.56,0,0,0,1,1,0,2.5,1,0,1080,1920,8,879.0
0,0,0,1,1,0,0,1.38,0,0,0,0,0,0,2.7,1,0,1080,1920,8,1079.0
0,0,0,1,0,1,0,2.2,0,0,0,0,0,0,1.8,1,1,1080,1920,8,985.0
0,0,0,1,1,0,0,2.04,0,0,0,0,0,1,2.5,0,1,768,1366,8,559.0
0,0,0,1,0,0,0,3.6,0,0,0,1,1,0,2.9,1,0,1080,1920,16,2999.0
0,0,0,1,1,0,0,1.49,0,0,0,0,0,1,1.6,0,1,1080,1920,4,675.0
0,0,0,1,1,0,0,1.37,0,0,1,0,0,0,3.1,1,0,1600,2560,8,2040.0
0,0,0,1,1,0,0,2.08,0,0,0,0,0,1,1.8,0,0,1080,1920,8,819.0
0,0,0,1,0,0,0,4.3,0,0,0,1,1,0,2.8,1,0,1080,1920,16,1799.0
0,0,1,0,0,1,0,1.68,0,0,0,0,0,1,3.0,0,1,768,1366,4,469.0
0,0,0,1,1,0,0,1.37,0,0,0,0,0,0,1.8,1,0,1080,1920,8,1849.0
0,0,0,1,0,0,1,3.0,0,0,0,1,0,0,2.7,1,1,1080,1920,4,702.0
0,0,0,1,1,0,0,1.41,0,0,1,0,0,0,1.6,1,0,1080,1920,8,949.0
0,0,1,0,0,1,0,1.91,0,0,0,0,0,0,2.5,1,1,768,1366,8,445.9
0,0,0,1,0,0,0,2.9,0,0,0,1,0,1,1.8,0,1,1080,1920,16,1059.0
0,1,0,1,0,0,0,4.14,0,0,0,1,1,0,2.8,1,0,1080,1920,16,2499.0
0,0,0,1,0,0,0,2.0,0,0,0,1,0,0,2.8,1,0,1080,1920,8,1699.0
0,0,0,1,0,1,0,2.8,0,0,0,0,0,0,1.8,1,1,1080,1920,8,1142.0
1,0,0,1,1,0,0,2.2,0,0,0,0,0,0,2.0,1,1,1080,1920,4,444.0
0,0,0,1,1,0,0,2.1,0,0,0,0,0,1,1.6,0,1,1080,1920,4,722.0
0,0,0,1,1,0,0,2.18,0,0,0,0,0,1,2.5,0,1,1080,1920,4,657.0
0,0,0,1,0,1,0,2.24,0,0,0,0,0,1,2.5,0,1,1080,1920,8,565.0
0,0,0,1,1,0,0,2.67,0,0,0,0,0,0,1.6,1,0,1080,1920,8,799.0
0,0,0,1,1,0,0,1.1,0,0,0,0,0,0,1.8,1,0,1080,1920,8,1499.0
1,0,0,1,1,0,0,2.2,0,0,0,0,0,1,2.5,0,1,1080,1920,4,467.0
0,0,0,1,0,0,0,2.5,0,0,0,1,0,1,1.8,0,1,1080,1920,8,1018.0
0,0,0,1,1,0,0,2.05,0,0,0,0,0,0,1.8,1,1,1080,1920,8,880.0
0,0,0,1,1,0,0,1.37,0,0,1,0,0,0,2.9,1,0,1600,2560,8,1958.9
0,0,1,0,0,1,0,3.2,0,0,0,0,1,0,3.0,1,0,1080,1920,16,1549.0
0,0,0,1,0,1,0,2.14,0,0,0,0,0,0,1.8,1,1,1080,1920,8,735.07
0,0,0,1,1,0,0,1.36,0,0,0,0,0,0,2.6,1,0,1440,2560,16,2499.0
0,0,0,1,0,0,0,2.2,0,0,0,1,0,1,2.5,0,1,768,1366,8,812.0
0,0,0,1,1,0,0,2.3,0,0,0,0,0,1,2.7,0,1,768,1366,12,713.07
0,0,0,1,0,1,0,2.8,0,0,0,0,0,0,1.8,1,1,1080,1920,8,1099.0
0,0,0,1,0,0,1,2.2,0,0,0,1,0,1,1.8,0,1,1080,1920,8,745.0
0,0,0,1,1,0,0,2.8,0,0,0,0,0,1,2.0,0,1,900,1600,4,489.0
1,0,0,1,0,0,0,2.8,0,0,0,1,0,1,1.8,0,1,1080,1920,8,849.0
0,0,0,1,0,0,0,2.8,0,0,0,1,0,0,2.7,1,1,900,1600,6,859.0
0,0,0,1,0,1,0,2.25,0,0,0,0,0,1,2.0,0,1,1080,1920,4,428.0
0,0,0,1,0,0,0,2.5,0,0,0,1,1,0,2.5,1,0,1080,1920,8,829.0
0,0,0,1,1,0,0,2.2,0,0,0,0,0,0,2.5,1,1,1080,1920,6,579.0
0,0,0,1,0,0,1,3.0,0,0,0,1,0,0,1.8,1,1,1080,1920,8,951.0
0,0,0,1,1,0,1,2.15,0,0,0,0,0,1,2.7,0,1,1080,1920,12,659.0
0,0,0,1,1,0,0,1.95,0,0,0,0,0,0,2.7,1,1,1080,1920,8,1097.0
0,0,0,1,0,0,0,1.7,0,0,1,1,0,0,2.5,1,0,1080,1920,8,977.0
0,0,0,1,0,0,0,2.5,0,0,0,1,1,0,2.8,1,0,1080,1920,16,1179.0
1,0,0,1,0,0,0,2.2,0,0,0,1,0,1,2.7,0,1,1080,1920,8,659.01
0,0,0,1,1,0,1,2.19,0,0,0,0,0,0,1.5,1,1,768,1366,2,199.0
0,0,0,1,0,0,0,3.0,0,0,0,1,1,1,2.8,0,0,1080,1920,8,1187.0
0,0,0,1,1,0,0,2.54,0,0,0,0,0,1,2.0,0,1,900,1600,8,489.0
0,0,0,1,0,0,0,2.0,0,0,0,1,0,0,2.8,1,1,1080,1920,8,1829.0
0,0,0,1,1,0,0,2.05,0,0,0,0,0,0,1.6,1,1,1080,1920,8,739.0
0,0,0,1,0,0,0,3.2,0,0,0,1,1,1,2.8,0,0,1080,1920,8,1299.0
0,0,0,1,0,0,1,2.5,0,0,0,1,0,0,2.8,1,1,1080,1920,8,979.0
0,0,0,1,0,0,0,3.42,0,1,0,1,0,0,2.9,1,0,1080,1920,16,2884.86
0,0,1,0,0,1,0,2.4,0,0,0,0,0,1,2.4,0,1,1080,1920,6,499.0
0,0,0,1,0,0,0,1.63,0,0,1,1,0,0,2.7,1,0,1080,1920,16,1468.0
0,0,0,1,1,0,0,1.3,0,0,0,0,0,0,2.4,1,1,768,1366,4,509.0
0,0,0,1,0,0,0,2.9,0,0,0,1,1,0,2.8,1,0,1080,1920,16,2122.0
0,0,0,1,0,0,0,2.8,0,0,0,1,0,1,2.5,0,1,900,1600,6,649.0
1,0,0,1,0,0,0,2.2,0,0,0,1,0,1,2.5,0,1,768,1366,8,549.0
0,0,0,1,0,0,0,2.5,0,0,0,1,1,0,2.8,1,0,1080,1920,8,1265.0
1,0,0,1,1,0,0,2.2,0,0,0,0,0,1,1.1,0,1,768,1366,4,359.99
0,0,0,1,1,0,0,1.28,0,0,0,0,0,0,2.8,1,0,1080,1920,16,1975.0
0,0,0,1,0,0,0,2.2,0,0,0,1,0,0,2.5,1,1,1080,1920,8,1043.0
0,0,0,1,0,0,0,2.3,0,0,0,1,0,0,2.5,1,1,1080,1920,8,819.0
0,0,0,1,1,0,0,1.86,0,0,0,0,0,1,2.0,0,1,1080,1920,4,469.0
0,0,0,1,1,0,0,1.1,0,0,0,0,0,0,2.5,1,1,1080,1920,8,999.0
0,0,0,1,1,0,0,1.21,0,0,1,0,0,0,1.8,1,0,2160,3840,16,2499.0
0,1,0,1,0,0,0,2.8,0,0,0,1,1,0,2.8,1,0,1080,1920,16,2099.0
0,0,1,0,0,1,1,2.23,0,0,0,0,0,0,2.2,1,1,1080,1920,8,469.0
0,0,0,1,1,0,0,1.1,1,0,0,0,0,0,1.1,0,0,768,1366,2,275.0
0,0,0,1,0,1,0,2.33,0,0,0,0,0,0,1.6,1,1,1080,1920,8,844.0
0,0,0,1,1,0,0,1.29,0,0,0,0,0,0,1.8,1,0,2160,3840,16,2449.0
0,0,0,1,1,0,0,1.45,1,0,0,0,0,0,1.6,0,1,768,1366,4,459.9
0,0,0,1,1,0,0,1.95,0,0,0,0,0,0,2.5,1,1,1080,1920,8,980.0
0,0,0,1,1,0,1,1.4,1,0,0,0,0,0,1.6,0,1,768,1366,4,485.0
0,0,0,1,1,0,0,1.48,0,0,0,0,0,0,2.7,1,1,1080,1920,8,1292.0
0,0,0,1,0,0,0,2.79,0,0,0,1,0,1,2.5,0,1,900,1600,4,589.0
0,0,0,1,1,0,0,2.0,0,0,0,0,0,0,2.7,1,1,1080,1920,8,1094.0
0,0,0,1,1,0,0,2.1,0,0,0,0,0,1,1.8,0,1,768,1366,8,902.0
0,0,1,0,0,1,1,2.2,0,0,0,0,0,0,2.7,1,1,768,1366,8,659.0
0,0,0,1,1,0,0,1.44,1,0,0,0,0,0,1.1,0,1,768,1366,4,292.0
0,0,0,1,1,0,1,2.23,0,0,0,0,0,1,2.5,0,1,768,1366,6,549.0
0,0,0,1,0,0,0,1.7,0,0,1,1,0,0,2.7,1,0,1080,1920,8,1049.9
0,0,0,1,1,0,0,1.26,0,0,1,0,0,0,2.7,1,0,1080,1920,8,1335.0
0,0,0,1,0,0,0,2.06,0,0,0,1,0,0,2.8,1,1,2160,3840,32,2639.0
0,1,0,1,0,0,0,2.7,0,0,0,1,1,0,2.8,1,0,1080,1920,8,1199.0
0,0,0,1,1,0,0,2.0,0,0,0,0,0,0,2.5,1,1,1080,1920,8,943.0
0,0,0,1,1,0,0,2.0,0,0,0,0,0,0,2.7,1,1,1080,1920,8,1334.0
0,0,0,1,1,0,0,1.85,0,0,0,0,0,1,2.0,0,1,1080,1920,4,449.0
0,0,0,1,0,0,0,2.5,0,0,0,1,1,0,2.8,1,0,1080,1920,8,999.0
0,0,0,1,1,0,0,1.48,0,0,0,0,0,0,2.6,1,1,1080,1920,8,1268.0
0,0,0,1,0,0,0,1.9,0,0,1,1,0,0,1.6,1,0,1080,1920,8,1049.0
0,0,0,1,1,0,0,1.84,0,0,0,0,0,0,2.5,1,1,1080,1920,8,1144.0
0,0,0,1,1,0,0,2.0,0,0,0,0,0,1,1.1,0,1,768,1366,4,274.99
0,0,0,1,0,0,0,2.0,0,0,0,1,0,0,1.6,1,1,1080,1920,8,1142.75
0,0,0,1,1,0,0,2.2,0,0,0,0,0,1,1.6,0,1,768,1366,4,274.9
0,0,1,0,0,1,0,2.2,0,0,0,0,0,1,3.6,0,1,1080,1920,12,899.0
0,0,0,1,0,0,0,2.1,0,0,0,1,0,1,2.4,0,1,1080,1920,8,716.0
0,0,0,1,1,0,0,1.4,0,0,0,0,0,0,1.8,1,0,2160,3840,16,2099.0
0,0,0,1,1,0,0,1.2,0,0,1,0,0,0,1.8,1,0,1080,1920,8,1579.0
0,0,0,1,0,0,0,2.4,0,0,0,1,1,0,2.8,1,0,1080,1920,16,1129.0
0,0,0,1,1,0,0,1.44,1,0,0,0,0,0,1.6,0,1,768,1366,2,279.0
0,0,0,1,1,0,0,1.88,0,0,1,0,0,0,1.9,1,0,1080,1920,16,1607.96
0,0,0,1,1,0,0,1.5,1,0,0,0,0,0,1.1,0,0,768,1366,4,375.0
0,0,0,1,0,1,0,1.9,0,0,1,0,0,1,1.6,0,0,1080,1920,8,663.0
0,0,0,1,0,0,0,2.06,0,0,0,1,0,0,2.8,1,1,2160,3840,16,2027.42
0,0,0,1,1,0,0,1.84,0,0,0,0,0,0,2.7,1,1,1080,1920,8,1304.0
0,1,0,1,0,0,0,2.7,0,0,0,1,1,0,2.8,1,0,1080,1920,8,1409.0
0,0,0,1,0,0,0,2.6,0,1,0,1,0,0,2.8,1,0,1080,1920,8,1738.27
0,0,0,1,0,0,0,2.4,0,0,0,1,0,0,2.5,1,1,1080,1920,16,1403.0
0,0,0,1,0,1,0,2.02,0,0,0,0,0,0,1.8,1,1,1080,1920,8,970.9
1,0,0,1,1,0,0,2.2,0,0,0,0,0,1,1.1,0,1,768,1366,4,321.99
0,0,0,1,0,0,0,2.65,0,0,0,1,1,1,2.5,0,0,1080,1920,8,999.0
0,0,0,1,1,0,0,2.36,0,0,0,0,0,1,2.5,0,1,768,1366,8,557.37
0,0,0,1,1,0,0,1.36,0,0,0,0,0,0,2.6,1,1,1080,1920,8,1427.0
0,0,0,1,1,0,0,1.86,0,0,0,0,0,1,2.0,0,1,768,1366,4,439.0
0,0,0,1,1,0,0,2.0,0,0,0,0,0,0,2.5,1,1,1080,1920,8,945.0
0,0,0,1,0,0,0,2.8,0,0,0,1,0,0,2.5,1,1,900,1600,6,719.0
0,0,0,1,1,0,0,1.86,0,0,0,0,0,1,2.5,0,1,1080,1920,8,639.0
1,0,0,1,0,0,0,2.2,0,0,0,1,0,0,2.0,1,1,768,1366,8,499.0
0,0,0,1,1,0,0,2.04,0,0,0,0,0,1,1.6,0,1,768,1366,8,389.0
0,0,0,1,0,1,0,2.8,0,0,0,0,0,0,1.6,1,1,1080,1920,8,1085.0
1,0,0,1,0,0,0,2.4,0,0,0,1,1,0,2.5,1,0,1080,1920,8,809.0
0,0,0,1,0,1,0,2.33,0,0,0,0,0,0,2.7,1,1,1080,1920,8,899.0
0,0,0,1,1,0,0,1.36,0,0,1,0,0,0,2.7,1,0,1080,1920,8,1750.0
0,0,0,1,0,0,0,2.26,0,0,0,1,0,0,2.7,1,0,1080,1920,12,1099.0
0,0,1,0,0,1,1,2.1,0,0,0,0,0,0,3.0,1,1,768,1366,4,426.0
0,0,1,0,0,1,0,3.25,0,0,0,0,1,0,3.0,1,0,1080,1920,16,2199.0
0,0,1,0,0,1,0,2.6,0,0,0,0,0,0,2.2,1,1,900,1600,4,489.0
0,0,0,1,1,0,0,1.62,0,0,0,0,0,0,1.8,1,0,1080,1920,8,869.01
0,0,1,0,0,1,0,1.91,0,0,0,0,0,0,3.0,1,1,1080,1920,4,488.99
0,0,0,1,1,0,0,1.59,0,0,0,0,0,0,1.1,1,0,768,1366,4,553.0
0,0,0,1,1,0,0,1.8,0,0,0,0,0,1,1.6,0,1,768,1366,4,309.0
0,0,0,1,1,0,0,1.5,1,0,0,0,0,0,1.1,0,1,768,1366,4,286.0
0,0,0,1,0,0,1,2.4,0,0,0,1,0,1,2.8,0,1,1080,1920,8,846.0
0,0,0,1,0,0,0,3.35,0,0,0,1,1,0,2.8,1,0,1080,1920,8,1191.0
1,0,0,1,1,0,0,1.85,0,0,0,0,0,0,2.0,1,1,1080,1920,4,403.5
0,0,0,1,0,0,0,2.3,0,0,0,1,1,0,2.8,1,0,1080,1920,8,1655.0
0,0,0,1,0,0,0,1.5,0,0,0,1,0,0,2.5,1,1,1080,1920,8,1099.0
0,0,0,1,1,0,0,1.1,0,0,1,0,0,0,2.7,1,0,1080,1920,16,1748.9
0,0,0,1,1,0,0,1.13,0,0,1,0,0,0,2.7,1,0,1440,2560,8,2282.0
0,0,0,1,1,0,0,1.5,0,0,0,0,0,0,2.4,1,1,1080,1920,4,549.0
0,0,0,1,0,1,0,2.23,0,1,0,0,0,1,2.6,0,0,1080,1920,8,1369.0
0,0,0,1,0,0,0,2.0,0,1,0,1,0,0,2.7,1,0,1080,1920,8,2135.0
0,0,0,1,1,0,0,1.42,0,0,0,0,0,0,2.7,1,0,1440,2560,16,2509.0
0,0,0,1,0,0,0,3.0,0,0,0,1,1,1,2.8,0,0,1080,1920,8,1039.0
0,0,0,1,0,0,0,3.0,0,0,0,1,1,0,2.8,1,0,1080,1920,16,1591.0
0,0,0,1,0,0,1,2.2,0,0,0,1,0,1,1.6,0,1,768,1366,12,693.99
0,1,0,1,0,0,0,2.7,0,0,0,1,1,0,2.8,1,0,1080,1920,8,1349.0
0,0,0,1,0,1,0,2.33,0,0,0,0,0,0,2.7,1,1,1080,1920,8,778.87
0,0,1,0,0,1,0,1.91,0,0,1,0,0,0,3.0,1,0,1080,1920,4,499.0
0,0,0,1,0,1,0,2.1,0,0,0,0,0,0,1.8,1,1,1080,1920,8,1229.56
0,0,0,1,1,0,0,1.9,0,0,0,0,0,0,2.5,1,1,1080,1920,8,938.0
0,0,0,1,0,0,0,1.78,0,1,0,1,0,0,2.8,1,0,2160,3840,8,2712.0
0,0,0,1,1,0,0,1.13,0,0,1,0,0,0,2.7,1,0,1440,2560,16,2625.0
0,0,0,1,1,0,0,2.2,0,0,0,0,0,1,1.1,0,1,768,1366,4,306.0
0,0,0,1,0,0,0,2.9,0,0,0,1,1,0,2.8,1,0,1080,1920,16,1529.0
0,0,0,1,0,1,0,2.1,0,0,0,0,0,0,1.6,1,1,1080,1920,8,1144.5
0,0,0,1,0,0,1,2.5,0,0,0,1,0,0,2.8,1,1,1080,1920,8,879.0
0,1,0,1,0,0,0,2.8,0,0,0,1,1,0,2.8,1,0,1080,1920,16,2249.0
0,0,0,1,1,0,0,1.1,0,0,1,0,0,0,2.7,1,0,1080,1920,8,1873.0
0,0,0,1,1,0,0,1.2,0,0,1,0,0,0,2.5,1,0,1080,1920,16,1747.0
0,0,0,1,1,0,0,1.36,0,0,1,0,0,0,2.8,1,0,1080,1920,8,1680.0
0,0,0,1,1,0,0,2.2,0,0,0,0,0,1,2.0,0,1,1080,1920,4,409.0
0,0,0,1,1,0,0,1.15,1,0,0,0,0,0,1.1,0,1,768,1366,2,304.45
0,0,0,1,0,0,0,2.67,0,1,0,1,0,0,2.8,1,0,1080,1920,8,1925.0
0,0,0,1,0,0,0,1.7,0,0,1,1,0,0,2.8,1,0,1440,2560,8,1943.0
0,0,0,1,0,1,0,2.1,0,0,0,0,0,1,2.0,0,1,1080,1920,4,469.0
0,0,0,1,1,0,1,1.6,0,0,0,0,0,0,2.5,1,0,1080,1920,8,789.01
0,0,0,1,1,0,0,1.27,0,0,0,0,0,0,2.5,1,0,1080,1920,8,928.0
0,0,0,1,0,1,0,2.3,0,0,0,0,0,0,2.5,1,1,1080,1920,4,598.9
0,0,0,1,1,0,0,1.65,0,0,0,0,0,0,2.0,1,1,768,1366,4,689.0
0,0,0,1,1,0,0,1.43,0,0,1,0,0,0,2.5,1,0,1080,1920,8,1500.0
0,0,0,1,1,0,0,2.14,0,0,0,0,0,1,2.5,0,1,768,1366,8,539.95
0,0,0,1,0,1,0,1.75,0,0,1,0,0,0,1.8,1,0,1080,1920,8,1215.38
0,0,0,1,0,0,0,2.0,0,0,0,1,0,0,2.8,1,0,2160,3840,16,1899.0
0,0,0,1,1,0,0,1.4,1,0,0,0,0,0,1.1,0,1,1824,2736,6,449.0
0,0,0,1,1,0,0,2.31,0,0,0,0,0,0,2.9,1,1,1080,1920,8,1427.0
0,0,0,1,0,0,0,2.3,0,0,0,1,0,1,2.4,0,1,1080,1920,8,597.0
0,0,0,1,0,0,0,4.42,0,0,0,1,1,0,2.9,1,0,1440,2560,16,2799.0
0,0,0,1,0,0,0,2.62,0,0,0,1,1,0,2.8,1,0,1080,1920,8,1159.0
0,0,0,1,0,1,0,2.02,0,0,0,0,0,0,1.8,1,1,1080,1920,8,1142.4
0,0,0,1,1,0,0,1.6,0,0,1,0,0,0,2.8,1,0,1080,1920,8,1099.0
0,0,0,1,0,0,0,3.35,0,0,0,1,1,0,2.8,1,0,1080,1920,12,1999.0
0,0,0,1,1,0,0,1.16,0,0,0,0,0,0,1.1,1,0,1080,1920,4,299.0
0,0,0,1,1,0,0,1.15,1,0,0,0,0,0,1.6,0,0,768,1366,4,269.0
0,0,0,1,1,0,0,1.4,0,0,0,0,0,0,2.7,1,1,1080,1920,8,1010.0
0,0,0,1,1,0,0,1.7,0,0,0,0,0,0,2.7,1,1,1080,1920,4,599.0
0,0,0,1,0,0,0,2.3,0,1,0,1,0,0,2.8,1,0,2160,3840,16,2445.0
0,0,0,1,0,0,0,2.5,0,0,0,1,0,0,2.9,1,1,1080,1920,16,2449.0
0,0,1,0,0,1,0,3.2,0,0,0,0,1,0,3.2,1,0,1080,1920,8,1695.0
0,0,0,1,1,0,0,2.1,0,0,0,0,0,1,1.6,0,1,768,1366,4,347.0
0,0,0,1,1,0,0,1.1,0,0,1,0,0,0,1.3,1,0,1600,2400,16,2199.0
0,0,0,1,1,0,0,1.32,0,0,1,0,0,0,2.7,1,0,1440,2560,24,2382.0
0,0,0,1,1,0,0,2.0,0,0,0,0,0,0,2.5,1,1,1080,1920,4,559.0
0,0,1,0,0,1,0,2.8,0,0,0,0,0,1,2.5,0,1,900,1600,8,519.0
0,0,0,1,0,1,0,2.2,0,0,0,0,0,0,1.6,1,1,1080,1920,4,749.0
0,0,0,1,1,0,0,1.36,0,0,1,0,0,0,2.5,1,0,1080,1920,8,1429.0
0,0,0,1,1,0,0,2.2,0,0,0,0,0,0,1.1,1,1,1080,1920,4,349.0
0,0,0,1,0,0,0,2.2,0,0,0,1,1,0,2.8,1,0,1080,1920,8,1099.0
0,0,0,1,0,0,0,1.64,0,0,0,1,0,0,2.8,1,1,1080,1920,8,1179.0
0,0,0,1,1,0,1,2.4,0,0,0,0,0,1,2.5,0,1,768,1366,4,441.8
0,0,0,1,0,0,0,2.23,1,1,0,1,0,0,3.0,0,0,1080,1920,8,1993.0
0,1,0,1,0,0,0,2.2,0,0,0,1,1,0,2.5,1,0,1080,1920,8,1027.74
0,0,0,1,1,0,0,1.25,0,0,1,0,0,0,2.5,1,0,1504,2256,16,2589.0
0,0,0,1,1,0,0,1.91,0,0,0,0,0,0,2.5,1,1,768,1366,8,589.0
0,0,0,1,0,0,0,2.17,0,1,0,1,0,0,2.7,1,0,1080,1920,16,1975.0
0,0,0,1,1,0,0,2.31,0,1,0,0,0,0,2.9,1,0,1080,1920,8,1534.0
0,0,0,1,1,0,0,1.65,0,0,0,0,0,0,2.5,1,1,1080,1920,8,1345.0
0,0,0,1,0,1,0,2.36,0,0,0,0,0,0,1.8,1,1,1080,1920,8,979.0
0,0,0,1,1,0,0,1.47,0,0,0,0,0,1,1.6,0,0,768,1366,4,479.0
0,0,0,1,0,0,0,4.42,0,0,0,1,0,1,2.7,0,1,1080,1920,8,2046.0
0,0,0,1,1,0,0,1.252,0,0,1,0,0,0,2.2,1,0,1504,2256,4,989.0
0,0,0,1,1,0,0,1.25,0,0,1,0,0,0,2.5,1,0,1504,2256,8,1799.0
0,0,0,1,1,0,0,2.5,0,0,0,0,0,0,2.0,1,1,900,1600,8,639.9
0,0,0,1,0,0,1,2.23,0,0,0,1,0,1,2.0,0,1,1080,1920,4,544.0
0,0,0,1,1,0,1,1.4,0,0,0,0,0,0,1.6,1,0,768,1366,4,435.0
0,0,0,1,1,0,0,2.37,0,0,0,0,0,1,2.5,0,1,1080,1920,8,749.0
1,0,0,1,0,1,0,1.5,0,0,0,0,0,0,2.7,1,1,1080,1920,8,799.0
0,0,0,1,0,0,0,2.67,0,0,0,1,0,0,2.9,1,1,1080,1920,8,2090.0
0,0,0,1,1,0,0,2.0,0,0,0,0,0,1,1.1,0,1,768,1366,4,304.0
0,0,0,1,0,0,1,2.2,0,0,0,1,0,1,2.0,0,1,768,1366,4,469.0
0,0,0,1,0,1,0,2.02,0,0,0,0,0,1,1.6,0,1,1080,1920,8,759.0
0,0,0,1,0,0,0,3.78,0,0,0,1,1,1,2.8,0,0,1080,1920,12,1699.0
0,0,0,1,1,0,0,1.4,0,0,1,0,0,0,2.6,1,0,1440,2560,12,1858.0
0,0,0,1,1,0,0,1.29,0,0,0,0,0,0,1.8,1,0,2160,3840,8,1999.0
0,0,0,1,0,1,0,1.9,0,0,0,0,0,1,2.5,0,1,1080,1920,8,1154.0
0,0,0,1,1,0,0,1.1,0,0,1,0,0,0,1.2,1,0,1600,2400,8,1275.0
0,0,0,1,1,0,0,1.42,0,0,1,0,0,0,1.6,1,0,1080,1920,8,1841.85
0,0,0,1,1,0,0,2.06,0,0,0,0,0,0,2.6,1,1,2160,3840,12,1299.0
0,0,0,1,1,0,0,1.79,0,0,0,0,0,0,2.3,1,1,768,1366,8,740.0
0,0,0,1,0,0,0,1.78,0,1,0,1,0,0,2.8,1,0,1080,1920,8,2408.0
0,0,0,1,1,0,0,1.7,0,0,0,0,0,0,2.5,1,1,1080,1920,8,1364.0
0,0,0,1,0,1,0,2.2,0,0,0,0,0,1,1.6,0,1,1080,1920,8,675.0
0,0,0,1,1,0,0,1.05,0,0,0,0,0,0,2.5,1,1,1080,1920,8,1672.0
0,0,0,1,0,0,0,2.16,0,0,0,1,0,0,1.8,1,1,1080,1920,8,1262.0
0,0,0,1,1,0,0,2.18,0,0,0,0,0,1,2.4,0,1,768,1366,4,586.6
0,0,0,1,1,0,0,1.49,0,0,0,0,0,0,1.6,1,1,1080,1920,4,726.0
0,0,0,1,1,0,0,1.89,1,0,0,0,0,0,1.44,0,1,1080,1920,4,248.9
0,0,0,1,1,0,0,2.3,0,0,0,0,0,0,2.0,1,1,768,1366,4,565.0
0,0,0,1,1,0,0,1.75,0,0,0,0,0,0,1.6,1,1,1080,1920,8,1049.0
0,0,0,1,0,0,0,2.17,0,1,0,1,0,0,2.7,1,0,1080,1920,16,2338.0
0,0,0,1,0,0,0,2.06,0,0,0,1,0,0,2.8,1,1,1080,1920,16,1899.0
0,0,0,1,1,0,0,1.36,0,0,1,0,0,0,2.7,1,0,1080,1920,16,1798.0
0,0,0,1,1,0,0,0.91,0,0,1,0,0,0,2.7,1,0,1080,1920,16,1950.0
0,0,0,1,0,0,0,2.3,0,0,0,1,0,0,2.5,1,1,1080,1920,8,1011.99
0,0,0,1,1,0,0,1.05,0,0,1,0,0,0,2.7,1,0,1080,1920,32,2799.0
0,0,0,1,0,0,0,1.99,0,0,0,1,1,0,2.8,1,0,1080,1920,8,1350.0
0,0,1,0,0,1,1,2.2,0,0,0,0,0,1,2.5,0,1,768,1366,8,579.0
0,0,0,1,0,0,0,4.33,0,0,0,1,1,0,2.6,1,0,1080,1920,24,1269.0
0,0,0,1,1,0,0,1.3,0,0,1,0,0,0,2.3,1,0,768,1366,8,1099.0
0,0,0,1,1,0,0,2.17,0,0,0,0,0,0,1.8,1,1,1080,1920,8,898.9
0,0,0,1,1,0,0,1.48,0,0,0,0,0,0,2.8,1,1,1080,1920,8,1749.0
0,0,0,1,1,0,0,1.4,0,0,0,0,0,0,2.4,1,1,1080,1920,8,949.0
0,0,0,1,1,0,0,2.3,0,0,0,0,0,0,2.5,1,1,1080,1920,8,911.0
0,0,0,1,1,0,0,1.2,1,0,0,0,0,0,1.1,0,0,768,1366,4,340.0
0,0,0,1,0,1,0,1.91,0,0,0,0,0,0,2.5,1,1,768,1366,8,618.99
0,0,0,1,1,0,0,1.4,0,0,0,0,0,0,1.6,1,0,1080,1920,8,1599.0
0,0,0,1,1,0,0,2.1,0,0,0,0,0,1,1.1,0,1,768,1366,4,299.0
0,0,0,1,1,0,0,1.25,0,0,0,0,0,0,1.6,1,0,768,1366,4,265.0
0,0,0,1,1,0,0,1.44,0,0,0,0,0,0,2.5,1,1,1080,1920,8,949.0
0,0,0,1,1,0,0,2.0,0,0,0,0,0,0,2.7,1,1,1080,1920,8,1224.0
0,0,0,1,0,0,1,2.2,0,0,0,1,0,1,1.6,0,1,1080,1920,4,613.0
0,0,0,1,1,0,0,1.34,0,0,1,0,0,0,2.7,1,0,1080,1920,8,1323.0
1,0,0,1,0,0,0,2.4,0,0,0,1,1,0,2.8,1,0,1080,1920,8,1149.0
0,0,0,1,1,0,0,1.29,0,0,1,0,0,0,2.5,1,0,1080,1920,8,899.0
0,0,0,1,0,0,1,2.2,0,0,0,1,0,1,2.7,0,1,1080,1920,4,639.0
0,0,0,1,1,0,0,2.18,0,0,0,0,0,1,2.5,0,1,1080,1920,8,836.0
0,0,0,1,0,1,0,2.2,0,0,0,0,0,0,1.8,1,1,1080,1920,16,1219.24
1,0,0,1,0,0,0,1.95,0,0,0,1,0,0,1.8,1,1,1080,1920,16,1399.95
0,0,0,1,1,0,0,1.1,1,0,0,0,0,0,1.1,0,0,768,1366,2,245.0
0,0,0,1,1,0,0,2.04,0,0,0,0,0,1,1.6,0,1,768,1366,4,521.47
0,0,0,1,0,0,0,2.24,0,0,0,1,1,0,2.8,1,0,1080,1920,24,2968.0
0,0,0,1,0,0,0,2.04,0,0,0,1,0,0,2.5,1,1,1080,1920,8,889.0
0,0,0,1,0,0,0,3.0,0,0,0,1,1,0,2.8,1,0,1080,1920,16,1504.0
0,0,0,1,0,0,0,3.2,0,0,0,1,1,0,2.8,1,0,1080,1920,8,1399.0
0,0,0,1,1,0,0,1.32,0,0,1,0,0,0,2.7,1,0,1080,1920,8,1399.0
0,0,0,1,1,0,0,1.64,0,0,0,0,0,0,2.6,1,1,1080,1920,8,1279.73
0,0,0,1,1,0,0,1.63,0,0,0,0,0,0,2.0,1,1,768,1366,4,689.0
0,0,0,1,0,1,0,2.8,0,0,0,0,0,0,1.6,1,1,1080,1920,8,889.0
0,0,0,1,1,0,0,2.02,0,0,0,0,0,0,2.3,1,1,1080,1920,8,1340.0
0,0,0,1,0,0,0,2.2,0,0,0,1,0,1,2.7,0,1,1080,1920,4,799.0
1,0,0,1,0,0,0,2.2,0,0,0,1,0,1,2.0,0,1,768,1366,8,459.0
0,0,0,1,0,1,0,2.3,0,0,0,0,0,1,2.5,0,1,1080,1920,4,585.0
0,0,0,1,1,0,0,1.9,0,0,0,0,0,0,2.8,1,1,1080,1920,8,1377.0
0,0,0,1,0,0,0,4.42,0,0,0,1,1,0,2.8,1,0,1080,1920,16,3012.77
0,0,0,1,1,0,0,2.0,0,0,0,0,0,1,2.5,0,1,1080,1920,8,860.0
0,0,0,1,0,0,0,2.0,0,0,0,1,0,0,2.7,1,1,2160,3840,8,1299.0
0,0,0,1,1,0,0,1.2,0,0,0,0,0,0,1.1,1,1,1080,1920,4,369.0
0,0,0,1,0,0,0,2.3,0,0,0,1,1,0,2.5,1,0,1080,1920,8,1649.0
0,0,0,1,0,0,0,1.93,0,0,0,1,0,0,2.8,1,1,1080,1920,8,1369.0
0,0,0,1,0,1,0,2.2,0,0,0,0,0,0,1.6,1,1,1080,1920,8,797.41
0,0,0,1,1,0,0,1.86,0,0,0,0,0,0,1.6,1,1,1080,1920,4,398.99
0,0,0,1,0,0,0,2.62,0,0,0,1,1,1,2.8,0,0,1080,1920,12,1799.0
0,0,0,1,0,0,0,1.87,0,0,0,1,0,0,2.7,1,1,1080,1920,8,859.0
0,0,0,1,1,0,0,1.2,0,0,1,0,0,0,1.8,1,0,1800,3200,8,1399.0
0,0,0,1,1,0,0,1.6,0,0,0,0,0,0,2.0,1,1,1080,1920,4,735.87
0,0,0,1,1,0,0,1.34,0,0,1,0,0,0,2.7,1,0,1800,3200,8,1145.0
0,0,0,1,0,0,1,2.4,0,0,0,1,1,1,2.5,0,0,1080,1920,8,798.0
0,0,1,0,0,1,0,2.0,0,0,0,0,0,1,1.8,0,1,768,1366,4,349.0
0,0,0,1,1,0,0,2.1,0,0,0,0,0,0,2.4,1,1,1080,1920,4,705.5
0,0,0,1,1,0,0,1.87,0,0,0,0,0,1,2.5,0,1,1080,1920,4,785.0
1,0,0,1,1,0,0,2.15,0,0,0,0,0,1,2.3,0,1,1080,1920,4,462.35
0,0,0,1,1,0,0,1.86,0,0,0,0,0,1,2.0,0,1,1080,1920,4,397.0
0,0,0,1,1,0,0,1.99,0,0,0,0,0,0,2.7,1,1,1080,1920,8,1729.0
0,0,0,1,1,0,0,2.2,0,0,0,0,0,0,2.0,1,1,1080,1920,4,499.0
0,0,0,1,1,0,0,1.9,0,0,0,0,0,0,2.5,1,1,1080,1920,8,1116.99
0,0,0,1,0,0,0,4.42,0,0,0,1,1,0,2.8,1,0,1080,1920,16,2699.0
0,0,0,1,1,0,0,2.65,0,0,0,0,0,1,2.0,0,1,900,1600,8,544.15
0,0,0,1,0,0,0,2.63,0,0,0,1,0,1,2.7,0,1,1080,1920,8,1280.0
0,0,0,1,1,0,0,2.0,0,0,0,0,0,1,1.1,0,1,768,1366,4,224.0
0,0,0,1,1,0,0,1.35,1,0,0,0,0,0,1.44,0,1,1080,1920,4,255.0
0,0,0,1,0,0,0,2.8,0,0,0,1,0,0,2.7,1,1,900,1600,6,949.0
0,0,1,0,0,1,0,1.91,0,0,0,0,0,0,2.5,1,1,1080,1920,6,568.9
0,0,0,1,0,1,0,2.18,0,0,0,0,0,1,2.0,0,1,768,1366,4,617.9
0,0,0,1,1,0,1,1.25,1,0,0,0,0,0,2.0,0,0,1080,1920,4,349.0
0,0,0,1,1,0,0,2.05,0,0,0,0,0,0,2.7,1,1,1080,1920,4,630.0
0,0,0,1,1,0,0,1.16,0,0,1,0,0,0,1.2,1,0,1800,3200,16,1965.0
0,0,0,1,0,0,0,3.4,0,0,0,1,0,0,2.8,1,1,1080,1920,8,2999.0
0,0,0,1,0,0,0,2.5,0,0,0,1,0,0,2.5,1,1,1080,1920,8,839.0
0,0,0,1,1,0,0,1.21,0,0,1,0,0,0,1.6,1,0,2160,3840,8,1599.0
0,0,0,1,1,0,0,1.93,0,0,0,0,0,1,2.6,0,1,768,1366,4,959.0
0,0,0,1,1,0,0,2.2,0,0,0,0,0,1,2.5,0,1,768,1366,8,739.0
0,0,0,1,1,0,0,2.2,0,0,0,0,0,1,1.1,0,1,1080,1920,4,344.0
0,0,0,1,1,0,0,2.02,0,0,0,0,0,1,2.5,0,1,768,1366,4,990.0
0,0,0,1,0,0,0,3.14,0,1,0,1,0,1,2.8,0,0,900,1600,8,1860.99
0,0,0,1,1,0,0,1.94,0,0,0,0,0,1,1.6,0,1,768,1366,8,389.0
0,0,1,0,0,1,0,1.95,0,0,0,0,0,0,3.0,1,1,1080,1920,6,649.0
0,0,0,1,1,0,0,2.3,0,0,0,0,0,0,2.5,1,1,1080,1920,8,830.0
0,0,0,1,1,0,0,2.05,0,0,0,0,0,1,1.6,0,1,1080,1920,4,685.0
0,0,0,1,1,0,0,1.4,0,0,0,0,0,0,1.44,1,1,1080,1920,4,249.0
0,0,0,1,1,0,0,1.24,0,0,1,0,0,0,2.7,1,0,1080,1920,16,1865.0
0,0,0,1,0,0,0,4.6,0,0,0,1,1,0,2.7,1,0,1080,1920,32,2663.0
0,1,0,1,0,0,0,4.14,0,0,0,1,1,0,2.9,1,0,1080,1920,16,2729.0
0,0,0,1,0,1,0,2.2,0,0,0,0,0,0,2.7,1,1,1080,1920,8,749.01
0,0,0,1,1,0,0,1.45,0,0,0,0,0,0,1.1,1,1,1080,1920,4,389.0
0,0,0,1,1,0,0,1.9,0,0,0,0,0,1,2.6,0,1,768,1366,8,1008.52
0,0,0,1,1,0,0,1.49,0,0,0,0,0,0,2.4,1,1,1080,1920,4,719.0
0,0,0,1,0,0,0,1.93,0,0,0,1,0,0,2.8,1,1,1080,1920,16,1537.39
0,0,0,1,1,0,0,1.26,1,0,0,0,0,0,1.6,0,0,768,1366,4,295.0
0,1,0,1,0,0,0,4.5,0,0,0,1,1,0,2.7,1,0,1080,1920,16,2349.0
0,0,0,1,0,0,0,3.78,0,0,0,1,1,0,2.8,1,0,1080,1920,16,1498.0
0,0,0,1,1,0,0,1.4,0,0,1,0,0,0,2.6,1,0,1080,1920,12,1673.0
0,0,0,1,1,0,0,2.2,0,0,0,0,0,1,1.8,0,1,768,1366,12,609.0
0,0,0,1,0,0,0,2.73,0,0,0,1,1,0,2.5,1,0,1080,1920,8,1770.0
0,0,0,1,1,0,0,2.2,0,0,0,0,0,1,2.5,0,0,768,1366,8,739.0
0,0,1,0,0,1,0,2.2,0,0,0,0,0,0,3.6,1,1,1080,1920,12,949.0
0,0,0,1,1,0,0,1.39,0,0,0,0,0,0,1.0,1,0,768,1366,4,603.0
0,0,0,1,0,0,0,2.5,0,0,0,1,0,0,2.8,1,1,1080,1920,16,1699.0
1,0,0,1,1,0,0,2.8,0,0,0,0,0,1,2.0,0,1,1080,1920,4,529.0
0,0,0,1,1,0,0,2.29,0,0,0,0,0,1,2.3,0,1,768,1366,8,459.0
0,0,0,1,1,0,0,1.37,0,0,0,0,0,0,2.7,1,0,1080,1920,8,2025.0
0,0,0,1,1,0,0,1.7,0,0,0,0,0,0,2.5,1,1,1080,1920,8,1474.0
0,0,0,1,1,0,0,1.34,0,0,0,0,0,0,2.5,1,0,1080,1920,8,1670.0
0,0,0,1,0,0,0,2.06,0,1,0,1,0,0,2.8,1,0,1080,1920,8,1763.0
0,0,0,1,1,0,0,1.84,0,0,0,0,0,0,2.7,1,1,1080,1920,8,1219.0
0,0,0,1,1,0,0,2.1,0,0,0,0,0,1,2.4,0,1,768,1366,4,668.48
0,0,0,1,1,0,1,1.6,1,0,0,0,0,0,1.1,0,1,1080,1920,4,329.0
0,1,0,1,0,0,0,4.14,0,0,0,1,1,0,2.7,1,0,1080,1920,16,2199.0
0,0,0,1,0,1,0,2.18,0,0,0,0,0,1,2.0,0,1,768,1366,4,465.0
0,1,0,1,0,0,0,1.8,0,0,0,1,1,0,2.8,1,0,2160,3840,16,2299.0
0,0,0,1,1,0,0,2.2,0,0,0,0,0,0,2.5,1,1,1080,1920,8,1399.0
0,0,0,1,1,0,0,2.4,0,0,0,0,0,1,2.5,0,1,1080,1920,6,564.0
0,0,0,1,1,0,0,2.0,0,0,0,0,0,0,2.8,1,0,1080,1920,8,1299.0
0,0,0,1,1,0,1,1.6,1,0,0,0,0,0,1.6,0,1,768,1366,4,349.0
0,0,0,1,0,0,0,2.5,0,0,0,1,0,0,3.1,1,1,2160,3840,32,4899.0
0,0,0,1,0,0,0,2.59,0,0,0,1,1,1,2.6,0,0,1080,1920,16,879.01
0,0,0,1,1,0,0,2.18,0,0,0,0,0,1,2.0,0,1,768,1366,4,443.9
0,0,0,1,1,0,0,2.25,0,0,0,0,0,1,2.0,0,1,768,1366,4,359.0
0,0,0,1,1,0,0,1.93,0,0,0,0,0,1,2.6,0,1,768,1366,4,869.0
0,0,0,1,0,0,0,3.0,0,0,0,1,1,0,2.8,1,0,1080,1920,8,1168.0
0,0,0,1,0,1,0,2.18,0,0,0,0,0,0,2.5,1,1,1080,1920,4,569.0
0,0,0,1,1,0,0,1.84,0,0,1,0,0,0,2.7,1,0,1080,1920,8,1389.0
0,1,0,1,0,0,0,2.94,0,0,0,1,1,0,2.8,1,0,1080,1920,16,2267.86
0,0,0,1,1,0,1,1.25,1,0,0,0,0,0,1.6,0,0,768,1366,4,379.0
0,0,0,1,1,0,0,2.31,0,0,0,0,0,0,2.6,1,1,768,1366,8,1124.0
0,0,0,1,1,0,0,1.65,0,0,0,0,0,0,2.3,1,1,1080,1920,8,1465.0
0,0,0,1,0,1,0,2.2,0,0,0,0,0,1,1.6,0,1,1080,1920,4,776.0
0,0,0,1,1,0,0,2.2,0,0,0,0,0,0,2.5,1,1,768,1366,8,799.0
0,0,0,1,1,0,0,1.88,0,0,0,0,0,1,2.3,0,1,768,1366,4,932.0
0,0,0,1,0,0,0,2.2,0,0,0,1,0,1,2.7,0,1,1080,1920,8,899.0
0,0,0,1,1,0,0,1.4,1,0,0,0,0,0,1.44,0,1,1080,1920,2,239.0
1,0,0,1,1,0,0,2.2,0,0,0,0,0,0,2.5,1,1,1080,1920,4,468.0
0,0,0,1,1,0,0,1.5,0,0,0,0,0,1,2.5,0,0,1080,1920,6,639.01
0,0,0,1,0,0,0,2.0,0,0,0,1,0,0,2.8,1,1,1080,1920,8,1820.0
0,0,0,1,1,0,0,1.1,0,0,1,0,0,0,2.7,1,0,1080,1920,16,1900.0
0,0,0,1,0,0,0,2.62,0,0,0,1,1,0,2.8,1,0,1080,1920,16,1479.0
0,0,0,1,1,0,0,1.8,0,0,0,0,0,0,1.6,1,1,1080,1920,4,829.0
0,0,0,1,0,0,0,2.2,0,0,0,1,0,1,2.0,0,1,1080,1920,4,579.0
0,0,0,1,1,0,0,2.0,0,0,0,0,0,1,1.1,0,1,768,1366,8,399.0
0,0,0,1,0,0,0,1.99,0,0,0,1,0,1,2.5,0,1,1080,1920,8,906.62
0,0,0,1,1,0,0,1.23,0,0,1,0,0,0,1.6,1,0,1800,3200,8,1869.0
0,0,0,1,1,0,0,1.42,1,0,0,0,0,0,1.6,0,1,768,1366,2,249.0
0,0,0,1,1,0,0,1.37,0,0,0,0,0,0,2.7,1,0,1080,1920,8,1757.42
0,0,0,1,0,0,0,2.06,0,0,0,1,0,0,2.8,1,1,2160,3840,16,2399.0
0,0,0,1,0,0,0,2.5,0,0,0,1,1,0,2.8,1,0,1080,1920,8,1109.0
0,0,1,0,0,1,0,2.6,0,0,0,0,0,1,3.0,0,1,900,1600,8,520.9
0,0,0,1,1,0,0,1.14,0,0,1,0,0,0,2.7,1,0,1080,1920,16,2450.0
1,0,0,1,0,0,0,2.5,0,0,0,1,1,1,2.8,0,0,1080,1920,8,1169.0
0,0,0,1,1,0,1,2.4,0,0,0,0,0,1,2.0,0,1,768,1366,4,450.0
0,0,0,1,1,0,0,1.43,1,0,0,0,0,0,1.6,0,1,768,1366,4,274.0
0,0,0,1,1,0,1,1.8,0,0,1,0,0,0,2.5,1,0,1080,1920,8,919.0
0,0,0,1,0,0,0,1.95,0,0,0,1,1,0,2.8,1,0,1080,1920,16,2599.0
0,0,0,1,1,0,0,1.2,0,0,0,0,0,0,2.3,1,1,1080,1920,8,1213.0
0,0,0,1,1,0,0,1.36,0,0,1,0,0,0,2.7,1,0,1080,1920,8,1584.0
0,0,0,1,0,0,0,3.8,0,0,0,1,1,0,2.7,1,0,1080,1920,32,2799.0
0,0,0,1,0,0,1,2.4,0,0,0,1,1,1,2.5,0,0,1080,1920,8,709.0
0,0,0,1,1,0,0,1.2,0,0,1,0,0,0,1.6,1,0,1080,1920,8,1449.9
0,1,0,1,0,0,0,2.2,0,0,0,1,1,0,2.8,1,0,1080,1920,8,1191.8
1,0,0,1,1,0,0,1.86,0,0,0,0,0,1,2.0,0,1,768,1366,4,364.9
0,0,0,1,1,0,0,2.0,0,0,0,0,0,1,2.5,0,1,1080,1920,8,1064.0
0,0,0,1,0,1,0,2.2,0,0,0,0,0,0,1.8,1,1,1080,1920,8,919.0
0,0,0,1,0,1,0,2.2,0,0,0,0,0,0,1.8,1,1,1080,1920,16,1135.0
0,0,0,1,0,0,0,3.31,0,0,0,1,1,0,2.6,1,0,1080,1920,8,1196.0
0,0,0,1,0,0,0,4.42,0,0,0,1,1,0,2.8,1,0,2160,3840,32,3147.37
0,0,0,1,1,0,0,1.56,0,0,0,0,0,0,2.4,1,1,1080,1920,8,1229.0
0,0,0,1,1,0,0,2.2,0,0,0,0,0,1,1.1,0,1,768,1366,4,419.0
0,0,0,1,1,0,0,2.2,0,0,0,0,0,1,2.3,0,1,1080,1920,4,535.0
0,0,0,1,0,1,0,2.04,0,0,0,0,0,1,2.0,0,1,1080,1920,6,539.0
0,1,0,1,0,0,0,2.7,0,0,0,1,1,0,2.8,1,0,1080,1920,8,1486.77
0,0,0,1,1,0,0,2.1,0,0,0,0,0,0,2.1,1,1,768,1366,4,498.0
0,0,0,1,1,0,0,2.06,0,0,0,0,0,1,2.5,0,1,1080,1920,8,955.0
0,0,0,1,0,1,0,2.1,0,0,0,0,0,1,2.7,0,1,1080,1920,8,745.0
0,0,0,1,1,0,0,2.0,0,0,0,0,0,0,2.5,1,1,1080,1920,8,1258.0
0,0,0,1,1,0,1,2.1,0,0,0,0,0,0,2.0,1,1,768,1366,4,412.0
0,0,0,1,1,0,0,1.252,0,0,1,0,0,0,2.8,1,0,1504,2256,8,1867.85
0,0,0,1,0,1,0,1.9,0,0,0,0,0,0,2.5,1,1,1080,1920,8,817.95
0,0,0,1,1,0,0,1.3,0,0,0,0,0,0,2.5,1,0,1080,1920,8,1034.0
0,0,1,0,0,1,0,2.2,0,0,0,0,0,0,2.2,1,1,768,1366,4,349.0
0,0,0,1,0,0,0,1.63,0,0,0,1,0,0,2.4,1,0,1080,1920,4,699.0
0,1,0,1,0,0,0,2.4,0,0,0,1,1,0,2.8,1,0,1080,1920,16,1294.0
0,0,0,1,1,0,0,1.1,0,0,1,0,0,0,2.5,1,0,1080,1920,8,1135.0
0,0,0,1,1,0,0,1.4,1,0,0,0,0,0,1.1,0,0,768,1366,8,495.0
0,0,0,1,1,0,0,1.09,0,0,1,0,0,0,1.8,1,0,1080,1920,8,2299.0
0,0,0,1,0,0,1,2.5,0,0,0,1,1,0,2.5,1,0,1080,1920,16,1299.0
0,1,0,1,0,0,0,2.2,0,0,0,1,1,0,2.5,1,0,1080,1920,8,997.9
0,0,0,1,1,0,0,1.86,0,0,0,0,0,0,1.1,1,1,768,1366,4,419.0
0,0,0,1,0,0,0,3.21,0,0,0,1,1,0,2.5,1,0,1080,1920,16,2051.0
0,0,0,1,0,1,0,2.5,0,0,0,0,0,0,2.0,1,1,1080,1920,4,699.0
0,0,0,1,1,0,0,1.19,0,0,0,0,0,0,1.8,1,0,1080,1920,8,1499.0
0,0,0,1,0,0,0,3.49,0,0,0,1,1,0,2.9,1,0,1080,1920,16,2813.75
0,0,0,1,0,1,0,1.86,0,0,0,0,0,1,2.5,0,1,768,1366,4,612.61
0,0,0,1,0,1,0,2.2,0,0,0,0,0,1,2.0,0,1,768,1366,4,545.67
0,0,1,0,0,1,0,2.65,0,0,0,0,0,1,2.4,0,1,1080,1920,6,569.0
0,0,0,1,1,0,0,2.1,0,0,0,0,0,1,1.6,0,1,768,1366,4,318.0
0,0,0,1,1,0,1,1.45,1,0,0,0,0,0,1.6,0,1,768,1366,4,375.0
0,0,0,1,1,0,0,1.7,0,0,0,0,0,0,2.5,1,1,1080,1920,4,699.0
0,0,0,1,0,0,0,3.14,0,1,0,1,0,1,2.8,0,0,1080,1920,8,1907.99
0,0,0,1,1,0,0,1.42,0,0,0,0,0,0,2.7,1,0,1440,2560,8,2590.0
0,0,0,1,1,0,0,1.5,0,0,0,0,0,0,2.5,1,1,1080,1920,8,973.0
0,0,0,1,1,0,1,1.4,1,0,0,0,0,0,1.6,0,0,768,1366,4,269.0
0,0,0,1,1,0,0,1.38,0,0,0,0,0,0,2.7,1,0,1080,1920,16,1749.0
0,0,0,1,1,0,0,1.2,1,0,0,0,0,0,0.9,0,0,1080,1920,4,669.0
0,0,0,1,1,0,0,1.36,0,0,1,0,0,0,2.5,1,0,1080,1920,16,1877.0
0,0,0,1,0,1,0,2.1,0,0,0,0,0,1,2.7,0,1,1080,1920,4,689.0
0,0,0,1,0,0,0,2.56,0,0,0,1,1,1,2.5,0,0,1080,1920,8,819.0
0,0,1,0,0,1,0,2.2,0,0,0,0,0,0,2.9,1,1,1080,1920,4,399.0
0,0,1,0,0,1,0,2.2,0,0,0,0,0,1,3.6,0,1,768,1366,8,429.0
0,0,0,1,1,0,0,2.1,0,0,0,0,0,1,2.5,0,1,1080,1920,4,621.45
1,0,0,1,1,0,0,1.9,0,0,0,0,0,1,2.0,0,1,768,1366,4,450.0
0,0,0,1,1,0,0,2.18,0,0,0,0,0,0,2.5,1,1,1080,1920,8,795.0
0,0,0,1,1,0,1,1.6,0,0,0,0,0,0,1.6,1,0,1080,1920,8,999.0
0,0,0,1,0,0,0,2.18,0,1,0,1,0,0,2.5,1,0,1080,1920,16,1855.0
0,0,0,1,1,0,0,1.8,0,0,0,0,0,0,2.3,1,1,1080,1920,8,1191.0
0,0,1,0,0,1,0,2.71,0,0,0,0,0,1,2.5,0,1,1080,1920,6,655.01
0,0,0,1,0,0,0,2.5,0,0,0,1,1,0,2.8,1,0,1080,1920,8,1249.0
0,0,0,1,0,0,0,1.64,0,0,0,1,0,0,2.8,1,1,1080,1920,8,1089.0
0,0,0,1,1,0,0,1.98,0,0,0,0,0,1,2.5,0,1,1080,1920,8,726.0
0,0,0,1,1,0,0,1.5,1,0,0,0,0,0,1.1,0,1,1080,1920,4,298.0
0,0,0,1,1,0,0,1.93,0,0,0,0,0,0,2.6,1,1,1080,1920,16,1426.66
0,0,0,1,0,0,0,1.87,0,0,0,1,0,0,2.5,1,1,1080,1920,8,857.07
0,0,0,1,1,0,0,1.9,0,0,0,0,0,0,2.6,1,1,1080,1920,8,1179.0
0,0,1,0,0,1,0,2.19,0,0,0,0,0,1,2.0,0,1,768,1366,4,298.0
0,0,0,1,1,0,0,1.4,0,0,0,0,0,1,1.92,0,1,1200,1920,4,265.0
0,0,0,1,0,0,0,2.63,0,0,0,1,0,0,2.7,1,1,1080,1920,8,1200.0
0,0,0,1,1,0,0,1.17,0,0,1,0,0,0,2.5,1,0,1440,2560,8,1686.64
0,0,0,1,1,0,0,1.58,0,0,0,0,0,0,2.5,1,0,768,1366,8,836.6
0,0,0,1,1,0,0,1.32,0,0,1,0,0,0,2.5,1,0,1080,1920,8,1499.0
0,0,0,1,0,0,0,4.36,0,0,0,1,1,0,2.8,1,0,2160,3840,32,3659.4
0,1,0,1,0,0,0,2.7,0,0,0,1,1,0,2.8,1,0,1080,1920,8,1348.48
1,0,0,1,1,0,0,1.9,0,0,0,0,0,1,2.5,0,1,768,1366,4,489.9
0,0,0,1,0,1,0,2.2,0,0,0,0,0,0,1.6,1,1,1080,1920,8,719.0
0,0,0,1,1,0,0,1.71,0,0,0,0,0,1,2.4,0,0,1080,1920,4,649.0
0,0,0,1,0,1,0,2.32,0,0,0,0,0,1,2.5,0,1,768,1366,8,589.52
0,0,1,0,0,1,0,2.1,0,0,0,0,0,1,3.0,0,1,1080,1920,4,489.0
0,0,0,1,0,0,1,4.2,0,0,0,1,1,0,2.6,1,0,1080,1920,16,1935.0
0,0,0,1,1,0,0,2.25,0,0,0,0,0,1,2.5,0,1,768,1366,12,649.0
0,0,1,0,0,1,0,2.1,0,0,0,0,0,0,3.0,1,1,1080,1920,6,650.0
0,0,0,1,1,0,1,2.4,0,0,0,0,0,1,2.5,0,1,768,1366,4,559.0
0,0,0,1,1,0,0,1.44,0,0,0,0,0,0,2.5,1,1,1080,1920,8,960.0
0,0,0,1,1,0,0,1.85,0,0,0,0,0,1,2.7,0,1,1080,1920,4,779.0
0,0,0,1,0,0,0,2.6,0,1,0,1,0,0,2.8,1,0,1080,1920,16,2419.0
0,0,0,1,1,0,0,1.55,0,0,0,0,0,1,1.6,0,0,1080,1920,8,659.0
0,1,0,1,0,0,0,1.8,0,0,0,1,1,0,2.8,1,0,1080,1920,16,2094.48
0,0,0,1,1,0,1,2.4,0,0,0,0,0,1,2.0,0,1,768,1366,4,410.8
0,0,0,1,0,0,0,2.0,0,0,0,1,0,0,2.7,1,1,1080,1920,8,1207.0
0,0,0,1,1,0,0,2.0,0,0,0,0,0,0,2.0,1,1,768,1366,8,665.0
0,0,0,1,1,0,0,1.25,0,0,0,0,0,0,2.5,1,1,1080,1920,8,1535.0
0,0,0,1,1,0,0,1.7,0,0,0,0,0,0,2.5,1,0,1080,1920,8,999.0
0,0,0,1,0,0,0,2.5,0,1,0,1,0,0,2.8,1,0,2160,3840,16,3299.0
0,0,0,1,1,0,1,1.68,1,0,0,0,0,0,1.6,0,1,768,1366,2,330.0
0,0,0,1,1,0,0,0.81,0,0,1,0,0,0,2.7,1,0,1080,1920,16,1649.0
0,0,0,1,1,0,0,1.86,0,0,0,0,0,0,2.0,1,1,1080,1920,8,539.0
0,0,0,1,1,0,0,1.6,0,0,0,0,0,0,2.5,1,1,768,1366,8,1126.71
0,0,0,1,0,0,0,3.0,0,1,0,1,0,0,2.9,1,0,1080,1920,16,4389.0
0,0,0,1,1,0,0,1.4,0,0,0,0,0,0,1.6,1,0,768,1366,4,475.0
0,0,0,1,1,0,0,1.84,0,0,0,0,0,0,2.4,1,1,1080,1920,8,1900.0
1,0,0,1,0,0,0,2.45,0,0,0,1,0,1,2.3,0,1,768,1366,4,579.0
0,0,0,1,1,0,0,1.7,0,0,1,0,0,0,2.3,1,0,1080,1920,4,1096.0
0,0,0,1,1,0,0,2.37,0,0,0,0,0,0,2.7,1,1,768,1366,4,849.9
0,0,0,1,1,0,0,1.3,0,0,0,0,0,0,1.8,1,0,1800,3200,8,1199.0
0,0,0,1,0,0,0,2.2,0,0,0,1,0,0,2.5,1,1,1080,1920,8,1099.0
0,0,0,1,0,0,0,2.59,0,1,0,1,0,0,2.6,1,0,1080,1920,8,1561.0
0,0,0,1,0,0,0,4.42,0,0,0,1,1,0,2.8,1,0,2160,3840,16,2868.99
0,0,0,1,1,0,1,2.1,0,0,0,0,0,0,2.5,1,1,768,1366,4,599.0
0,0,0,1,0,0,0,2.5,0,0,0,1,1,0,2.8,1,0,1080,1920,8,1048.0
0,0,0,1,1,0,0,1.18,0,0,1,0,0,0,2.8,1,0,1080,1920,16,1859.0
0,0,0,1,1,0,0,1.1,0,0,1,0,0,0,1.2,1,0,1600,2400,8,1559.0
0,0,0,1,1,0,0,1.2,0,0,1,0,0,0,2.5,1,0,1800,3200,8,1129.0
0,0,0,1,1,0,0,1.65,0,0,0,0,0,1,2.0,0,1,768,1366,4,849.0
0,0,0,1,1,0,1,1.6,0,0,0,0,0,0,2.3,1,1,768,1366,4,655.0
0,0,0,1,0,0,0,2.8,0,0,0,1,0,1,1.1,0,1,768,1366,4,470.34
0,0,0,1,0,0,0,2.72,0,0,0,1,1,0,2.6,1,0,2160,3840,16,1099.0
0,0,0,1,1,0,0,1.31,0,0,1,0,0,0,2.7,1,0,1080,1920,8,1599.0
0,0,0,1,1,0,1,2.1,0,0,0,0,0,1,1.1,0,1,768,1366,4,298.0
0,0,0,1,0,1,0,2.3,0,0,0,0,0,0,2.7,1,1,1080,1920,16,1181.27
0,0,0,1,0,1,0,1.71,0,0,0,0,0,0,2.7,1,0,1080,1920,16,1799.0
0,0,0,1,1,0,0,1.75,0,0,0,0,0,0,2.3,1,1,768,1366,4,1020.0
0,0,0,1,0,0,0,2.62,0,0,0,1,1,1,2.8,0,0,1080,1920,8,1099.0
0,0,0,1,1,0,0,1.26,0,0,1,0,0,0,2.3,1,0,768,1366,4,1244.0
0,0,0,1,0,0,0,2.3,0,0,0,1,0,1,2.7,0,0,1080,1920,12,839.0
0,0,0,1,0,0,0,2.5,0,0,0,1,0,0,2.7,1,1,2160,3840,16,2370.0
0,0,0,1,1,0,1,1.8,0,0,0,0,0,0,2.4,1,1,1080,1920,4,636.0
0,0,0,1,0,0,0,1.95,0,0,0,1,1,0,2.8,1,0,1080,1920,16,2899.0
0,0,0,1,1,0,0,2.0,0,0,0,0,0,0,1.1,1,1,1080,1920,8,581.9
0,0,0,1,0,0,0,4.42,0,0,0,1,1,0,2.8,1,0,1080,1920,32,3588.8
0,0,0,1,0,0,0,4.3,0,0,0,1,1,0,2.6,1,0,1080,1920,16,2350.0
0,0,0,1,0,0,0,1.47,0,0,1,1,0,0,2.6,1,0,1080,1920,16,1764.0
1,0,0,1,1,0,0,2.2,0,0,0,0,0,1,1.6,0,1,768,1366,8,329.0
0,0,0,1,1,0,0,1.7,0,0,1,0,0,0,2.7,1,0,1080,1920,16,2299.0
0,1,0,1,0,0,0,1.6,0,0,0,1,1,0,2.8,1,0,1080,1920,16,1891.0
0,1,0,1,0,0,0,2.2,0,0,0,1,1,0,2.5,1,0,1080,1920,8,1089.0
0,0,0,1,0,0,0,2.4,0,0,0,1,1,1,2.8,0,0,1080,1920,4,999.0
0,0,0,1,0,0,1,4.2,0,0,0,1,1,0,2.8,1,0,1080,1920,16,2299.0
0,0,0,1,0,0,0,2.62,0,0,0,1,1,0,2.5,1,0,1080,1920,8,985.0
0,0,0,1,0,0,0,2.24,0,0,0,1,1,0,2.8,1,0,1080,1920,8,1339.0
0,0,0,1,1,0,0,1.22,1,0,0,0,0,0,1.1,0,1,1080,1920,4,202.9
0,0,0,1,1,0,0,1.37,0,0,0,0,0,0,2.7,1,0,1080,1920,8,1970.0
0,0,0,1,0,1,0,2.08,0,0,0,0,0,0,2.5,1,0,1080,1920,8,959.0
0,0,0,1,1,0,0,0.92,1,0,1,0,0,0,1.2,0,0,1440,2304,8,1165.0
0,0,0,1,1,0,0,1.42,0,0,0,0,0,0,2.5,1,0,1440,2560,8,2330.0
0,0,0,1,1,0,0,1.63,1,0,0,0,0,0,1.1,0,1,768,1366,4,299.0
0,0,0,1,1,0,0,1.95,0,0,0,0,0,0,2.5,1,1,768,1366,8,810.0
0,0,0,1,1,0,0,1.38,0,0,0,0,0,0,2.7,1,0,1080,1920,8,1349.0
0,0,0,1,0,1,0,2.0,0,0,0,0,0,0,2.0,1,1,1080,1920,8,739.0
0,0,0,1,0,0,0,3.14,0,1,0,1,0,0,2.8,1,0,1080,1920,8,2064.9
0,0,0,1,1,0,0,2.37,0,0,0,0,0,0,2.5,1,1,1080,1920,8,1099.0
0,0,0,1,1,0,0,1.29,0,0,1,0,0,0,2.5,1,0,1080,1920,8,1499.0
0,0,0,1,0,0,0,2.06,0,0,0,1,0,0,2.5,1,1,2160,3840,8,1749.0
0,0,0,1,1,0,0,1.63,0,0,0,0,0,0,1.1,1,0,768,1366,4,744.0
0,0,0,1,1,0,0,1.26,0,0,0,0,0,0,2.6,1,0,768,1366,8,1389.0
0,0,0,1,1,0,0,2.1,0,0,0,0,0,1,2.3,0,1,768,1366,4,780.0
0,0,1,0,0,1,0,2.04,0,0,0,0,0,1,2.5,0,1,768,1366,8,629.0
0,0,0,1,0,0,0,2.62,0,0,0,1,1,0,2.8,1,0,2160,3840,16,1679.0
0,0,0,1,0,0,0,2.4,0,0,0,1,0,1,2.5,0,1,1080,1920,4,609.0
0,0,0,1,0,1,0,3.74,0,0,0,0,1,1,2.8,0,0,1080,1920,12,1749.0
0,1,0,1,0,0,0,2.9,0,0,0,1,1,0,2.8,1,0,1080,1920,16,2415.0
0,0,0,1,1,0,0,0.81,0,0,1,0,0,0,2.5,1,0,1080,1920,8,1499.0
0,0,0,1,0,0,0,1.98,0,0,0,1,0,1,2.7,0,1,1080,1920,8,961.0
0,0,0,1,0,1,0,2.18,0,0,0,0,0,0,2.5,1,1,1080,1920,8,789.81
0,0,0,1,1,0,0,1.32,0,0,1,0,0,0,2.7,1,0,1080,1920,8,1859.0
0,0,0,1,1,0,0,1.29,0,0,1,0,0,0,2.5,1,0,2160,3840,16,1799.0
0,0,0,1,1,0,0,1.23,1,0,0,0,0,0,1.6,0,0,768,1366,4,385.0
0,0,0,1,0,0,0,4.36,0,0,0,1,1,0,2.8,1,0,1080,1920,16,2505.02
0,0,0,1,1,0,0,1.76,0,0,0,0,0,1,2.3,0,1,768,1366,4,755.0
0,0,0,1,1,0,0,2.1,0,0,0,0,0,1,2.0,0,1,768,1366,4,489.9
0,0,0,1,1,0,0,1.25,0,0,1,0,0,0,2.5,1,0,768,1366,4,1090.0
0,0,0,1,1,0,0,1.13,0,0,1,0,0,0,2.7,1,0,1080,1920,8,2499.0
0,1,0,1,0,0,0,2.4,0,0,0,1,1,0,2.5,1,0,1080,1920,8,1199.0
0,0,0,1,1,0,0,1.13,1,0,1,0,0,0,2.5,0,0,1080,1920,8,1875.0
0,0,0,1,1,0,0,1.75,0,0,0,0,0,0,2.1,1,1,768,1366,4,499.0
0,0,0,1,1,0,0,1.1,0,0,0,0,0,0,2.5,1,0,1080,1920,8,1358.0
0,0,0,1,1,0,0,1.76,0,0,0,0,0,1,2.0,0,1,768,1366,4,585.0
0,0,0,1,1,0,1,1.35,1,0,0,0,0,0,1.6,0,0,768,1366,4,355.0
0,0,0,1,1,0,1,1.5,0,0,0,0,0,0,2.4,1,1,1080,1920,8,619.0
0,0,0,1,0,0,0,3.49,0,0,0,1,1,0,2.9,1,0,2160,3840,32,5499.0
0,0,0,1,1,0,0,1.1,0,0,1,0,0,0,2.6,1,0,1440,2560,16,2099.0
0,0,0,1,0,0,0,2.1,0,0,0,1,0,1,2.5,0,1,1080,1920,4,519.0
0,0,0,1,1,0,0,1.7,0,0,0,0,0,0,2.3,1,1,1080,1920,8,1186.0
0,0,0,1,1,0,0,1.32,0,0,0,0,0,0,2.6,1,1,1080,1920,8,1650.0
0,0,0,1,0,0,0,3.21,0,0,0,1,1,0,2.8,1,0,1080,1920,16,2774.63
0,0,0,1,0,0,0,2.9,0,0,0,1,1,0,2.8,1,0,1080,1920,16,2419.0
0,0,0,1,1,0,0,2.0,0,0,0,0,0,1,2.4,0,1,768,1366,4,669.0
0,0,0,1,1,0,0,1.5,1,0,0,0,0,0,1.6,0,1,768,1366,4,325.0
0,0,0,1,1,0,0,2.3,0,0,0,0,0,1,2.5,0,1,1080,1920,8,590.0
0,0,0,1,0,0,0,2.73,0,0,0,1,1,0,2.6,1,0,1080,1920,16,1799.0
0,0,0,1,0,0,0,4.42,0,0,0,1,1,0,2.8,1,0,1080,1920,32,3072.89
0,0,0,1,0,0,0,2.63,0,0,0,1,0,1,2.5,0,1,900,1600,8,910.0
0,0,0,1,1,0,0,2.18,0,0,0,0,0,0,2.5,1,1,768,1366,8,713.99
0,0,0,1,1,0,0,1.54,0,0,1,0,0,0,2.5,1,0,1080,1920,8,1870.0
0,0,0,1,0,1,0,2.18,0,0,0,0,0,0,2.7,1,1,1080,1920,4,739.0
0,0,0,1,1,0,0,1.4,1,0,0,0,0,0,1.1,0,0,768,1366,4,615.0
0,0,0,1,0,0,0,1.45,0,0,1,1,0,0,2.3,1,0,1080,1920,8,1026.0
0,0,0,1,1,0,0,1.28,0,0,0,0,0,0,2.5,1,0,1080,1920,8,2277.0
0,0,0,1,1,0,0,1.54,0,0,1,0,0,0,2.5,1,0,1080,1920,8,1468.0
1,0,0,1,1,0,0,1.86,0,0,0,0,0,0,1.6,1,1,768,1366,4,299.0
0,0,0,1,0,0,0,2.1,0,0,0,1,1,0,2.8,1,0,1080,1920,16,1899.0
0,0,0,1,0,1,0,2.83,0,0,0,0,0,1,2.7,0,1,1080,1920,8,865.0
0,0,0,1,0,0,0,1.96,0,0,1,1,0,0,2.8,1,0,1080,1920,8,1903.0
0,0,0,1,0,0,0,2.3,0,0,0,1,0,0,2.7,1,1,1080,1920,8,787.0
0,0,0,1,1,0,0,1.9,0,0,0,0,0,0,2.5,1,1,1080,1920,8,945.0
0,0,0,1,1,0,0,2.0,0,0,0,0,0,1,1.1,0,1,768,1366,4,449.0
0,0,0,1,1,0,0,1.28,0,0,0,0,0,0,2.8,1,0,1080,1920,8,2559.0
0,0,0,1,1,0,0,1.62,0,0,0,0,0,1,2.3,0,1,1080,1920,8,649.0
1,0,0,1,1,0,0,2.2,0,0,0,0,0,1,2.0,0,1,1080,1920,4,469.0
0,0,0,1,1,0,0,2.3,0,0,0,0,0,1,2.5,0,1,1080,1920,8,850.66
0,0,0,1,0,1,0,1.84,0,0,0,0,0,0,2.6,1,1,1080,1920,8,1349.0
0,0,0,1,1,0,0,1.05,0,0,0,0,0,0,2.5,1,1,1080,1920,4,1285.0
1,0,0,1,0,0,0,2.5,0,0,0,1,1,1,2.5,0,0,1080,1920,8,1017.0
0,0,0,1,1,0,0,1.29,0,0,1,0,0,0,2.5,1,0,1800,3200,16,2240.0
0,0,0,1,1,0,0,2.07,0,0,0,0,0,1,2.3,0,1,1080,1920,4,910.0
0,0,0,1,1,0,0,1.2,0,0,1,0,0,0,2.3,1,0,768,1366,8,1095.0
0,0,0,1,1,0,0,1.37,0,0,0,0,0,0,2.7,1,0,1080,1920,8,1950.0
0,0,0,1,1,0,1,1.56,0,0,0,0,0,0,2.5,1,1,1080,1920,8,902.0
0,0,0,1,0,0,0,2.23,0,1,0,1,0,1,2.8,0,0,1080,1920,8,1778.0
0,0,0,1,1,0,0,2.38,0,0,0,0,0,1,2.5,0,1,768,1366,4,1055.0
1,0,0,1,0,1,0,2.2,0,0,0,0,0,1,2.0,0,1,1080,1920,4,479.0
0,0,0,1,1,0,0,2.0,0,0,0,0,0,0,2.7,1,1,1080,1920,8,1388.0
0,0,0,1,1,0,0,1.44,0,0,0,0,0,0,2.4,1,1,1080,1920,4,735.0
0,0,0,1,0,0,0,1.23,0,0,1,1,0,0,2.7,1,0,1080,1920,16,1849.0
0,0,0,1,1,0,0,1.6,0,0,1,0,0,0,2.8,1,0,1080,1920,8,1690.0
0,0,0,1,1,0,0,2.0,0,0,0,0,0,1,1.1,0,1,768,1366,4,398.99
0,0,0,1,0,0,0,1.28,0,0,1,1,0,0,2.3,1,0,1080,1920,8,935.0
0,0,0,1,0,0,0,2.18,0,0,0,1,0,0,2.5,1,1,1080,1920,4,912.5
0,0,0,1,1,0,0,2.04,0,0,0,0,0,0,2.5,1,1,1080,1920,4,839.0
0,0,0,1,1,0,0,1.28,0,0,0,0,0,0,2.5,1,0,1080,1920,4,1700.0
0,0,0,1,1,0,0,2.3,0,0,0,0,0,1,2.5,0,0,768,1366,4,684.8
0,0,0,1,1,0,0,1.65,1,0,0,0,0,0,1.1,0,1,768,1366,4,348.0
0,0,0,1,0,0,0,2.2,0,0,0,1,0,1,2.5,0,1,1080,1920,8,669.0
0,0,0,1,1,0,0,2.2,0,0,0,0,0,1,1.6,0,1,768,1366,4,369.0
0,0,0,1,1,0,0,1.28,0,0,0,0,0,0,2.5,1,0,1080,1920,4,1799.0
0,0,0,1,0,1,0,2.18,0,0,0,0,0,1,2.0,0,1,768,1366,4,455.7
0,0,0,1,0,0,0,2.2,0,0,0,1,1,0,2.5,1,0,1080,1920,12,1369.9
0,0,0,1,1,0,1,1.25,1,0,0,0,0,0,1.6,0,0,768,1366,4,297.0
0,0,1,0,0,1,0,2.8,0,0,0,0,0,1,2.2,0,1,900,1600,4,379.0
0,0,0,1,1,0,0,1.95,0,0,0,0,0,0,2.5,1,1,1080,1920,4,1265.0
0,0,0,1,1,0,0,1.42,0,0,0,0,0,0,2.7,1,0,1800,3200,16,1399.0
0,0,0,1,1,0,0,1.17,0,0,1,0,0,0,2.7,1,0,1080,1920,8,1699.0
0,0,0,1,1,0,0,1.32,0,0,1,0,0,0,2.5,1,0,1080,1920,8,1799.0
0,1,0,1,0,0,0,2.43,0,0,0,1,1,0,2.6,1,0,2160,3840,16,2649.0
0,0,0,1,1,0,0,1.05,0,0,0,0,0,0,2.5,1,1,1080,1920,8,1475.0
0,0,0,1,0,0,0,2.62,0,0,0,1,1,1,2.8,0,0,1080,1920,8,929.0
0,0,0,1,0,0,0,2.04,0,0,0,1,0,1,2.7,0,1,1080,1920,8,900.0
0,0,0,1,0,1,0,2.18,0,0,0,0,0,1,2.0,0,1,768,1366,4,614.0
0,0,0,1,1,0,0,1.9,0,0,0,0,0,1,2.6,0,1,1080,1920,8,935.0
0,0,0,1,1,0,0,1.24,0,0,0,0,0,0,1.3,1,0,1800,3200,8,2013.1
0,0,0,1,0,0,0,3.58,0,0,0,1,1,0,2.7,1,0,1080,1920,32,1279.0
0,0,0,1,1,0,0,1.22,0,0,0,0,0,0,1.3,1,0,1080,1920,16,1649.0
0,0,0,1,1,0,0,1.13,1,0,1,0,0,0,2.7,0,0,1080,1920,8,2049.0
0,0,0,1,1,0,0,1.95,0,0,0,0,0,0,2.5,1,1,1080,1920,8,1962.99
0,0,0,1,1,0,0,1.08,0,0,1,0,0,0,2.7,1,0,1080,1920,16,2099.0
0,0,0,1,1,0,0,1.26,0,0,0,0,0,0,2.7,1,0,1080,1920,8,1483.0
0,0,0,1,1,0,1,2.2,1,0,0,0,0,0,1.5,0,1,1080,1920,4,359.0
0,0,0,1,0,0,0,2.6,0,0,0,1,0,0,2.3,1,1,1080,1920,8,789.0
0,0,0,1,1,0,0,0.98,0,0,1,0,0,0,2.7,1,0,1080,1920,8,1899.0
0,0,0,1,1,0,0,1.6,0,0,0,0,0,0,2.8,1,1,1080,1920,8,1205.0
0,0,0,1,1,0,0,1.09,0,0,1,0,0,0,1.2,1,0,2160,3840,8,3100.0
0,0,0,1,0,0,0,2.2,0,0,0,1,0,0,2.7,1,1,1080,1920,6,789.0
0,0,0,1,0,0,0,2.04,0,0,0,1,0,0,2.7,1,1,1080,1920,8,1018.99
0,0,0,1,1,0,1,2.4,0,0,0,0,0,1,2.4,0,1,1080,1920,4,499.0
0,0,0,1,1,0,0,1.44,0,0,0,0,0,0,2.5,1,1,1080,1920,4,881.0
0,0,0,1,1,0,0,1.49,0,0,0,0,0,0,2.5,1,1,1080,1920,8,960.0
0,1,0,1,0,0,0,2.7,0,0,0,1,1,0,2.8,1,0,1080,1920,16,1599.0
0,0,0,1,0,0,0,2.6,0,0,0,1,1,0,2.8,1,0,1080,1920,16,1349.0
0,1,0,1,0,0,0,2.2,0,0,0,1,1,0,2.5,1,0,1080,1920,8,1119.91
0,0,0,1,0,1,0,2.18,0,0,0,0,0,1,2.5,0,1,768,1366,4,684.99
0,0,0,1,0,1,0,1.84,0,0,1,0,0,0,2.5,1,0,1080,1920,8,1296.99
0,0,0,1,1,0,0,1.39,0,0,1,0,0,0,2.7,1,0,1800,3200,8,1149.0
0,0,0,1,0,0,0,2.4,0,0,0,1,0,0,2.6,1,1,1080,1920,16,1975.0
0,0,0,1,1,0,0,1.37,0,0,0,0,0,0,2.5,1,0,1080,1920,8,1825.0
0,0,0,1,1,0,0,1.95,0,0,0,0,0,1,2.3,0,1,768,1366,4,729.9
0,0,0,1,1,0,0,1.36,0,0,1,0,0,0,2.7,1,0,1080,1920,8,1650.0
0,0,0,1,1,0,0,2.31,0,0,0,0,0,0,2.3,1,1,1080,1920,8,1165.0
0,0,0,1,1,0,0,2.18,0,0,0,0,0,1,2.5,0,1,768,1366,4,708.06
0,0,0,1,1,0,0,1.95,0,0,0,0,0,1,2.3,0,1,768,1366,4,1149.0
0,0,0,1,1,0,0,2.2,0,0,0,0,0,1,1.1,0,1,768,1366,4,309.0
0,0,0,1,1,0,0,1.26,0,0,1,0,0,1,2.3,0,0,1080,1920,4,1579.0
1,0,0,1,1,0,0,1.86,0,0,0,0,0,1,1.6,0,1,768,1366,4,288.9
0,0,0,1,1,0,0,1.3,0,0,0,0,0,0,2.2,1,0,1800,3200,16,1799.0
0,0,0,1,1,0,0,1.47,0,0,0,0,0,0,2.3,1,1,1080,1920,4,1105.0
0,0,0,1,1,0,0,1.26,0,0,0,0,0,0,2.3,1,0,1080,1920,8,1669.0
0,0,0,1,1,0,0,2.18,0,0,0,0,0,1,2.0,0,1,768,1366,4,558.6
0,1,0,1,0,0,0,2.2,0,0,0,1,1,0,2.8,1,0,1080,1920,8,1199.0
0,0,0,1,1,0,0,1.36,0,0,1,0,0,0,2.5,1,0,1080,1920,8,1639.0
0,0,0,1,0,0,0,4.36,0,0,0,1,1,0,2.7,1,0,1440,2560,16,2758.0
0,0,0,1,0,0,0,2.75,0,0,0,1,1,0,2.3,1,0,1080,1920,8,1399.0
0,0,0,1,0,0,0,2.8,0,0,0,1,0,1,1.6,0,1,900,1600,4,530.0
0,0,0,1,1,0,1,2.23,0,0,0,0,0,1,2.5,0,1,768,1366,4,619.0
0,0,0,1,1,0,0,2.2,0,0,0,0,0,0,2.3,1,1,768,1366,8,1119.0
0,0,0,1,1,0,0,1.1,0,0,0,0,0,0,1.2,1,0,1080,1920,8,1299.0
0,0,1,0,0,1,0,2.5,0,0,0,0,1,0,2.1,1,0,1080,1920,16,999.0
0,0,0,1,1,0,0,1.36,0,0,1,0,0,0,2.5,1,0,1080,1920,8,1472.2
1,0,0,1,0,0,0,2.2,0,0,0,1,0,1,2.7,0,1,1080,1920,8,685.0
0,0,0,1,0,1,0,2.36,0,0,0,0,0,1,2.0,0,1,900,1600,4,659.0
0,0,0,1,1,0,1,1.68,1,0,0,0,0,0,1.6,0,1,768,1366,4,349.0
0,0,0,1,0,0,0,2.0,0,1,0,1,0,0,2.7,1,0,1080,1920,8,2249.0
0,0,0,1,1,0,0,1.36,0,0,1,0,0,0,2.8,1,0,1080,1920,8,1775.0
0,0,0,1,1,0,0,1.2,0,0,0,0,0,0,2.3,1,1,1080,1920,8,1460.0
0,0,0,1,1,0,0,1.2,1,0,0,0,0,0,1.2,0,0,1080,1920,8,1159.0
0,0,0,1,1,0,0,1.7,0,0,1,0,0,0,2.6,1,0,1080,1920,8,1488.99
0,0,0,1,0,0,0,4.36,0,0,0,1,1,0,2.8,1,0,2160,3840,16,3154.0
0,0,0,1,1,0,0,1.24,0,0,0,0,0,0,1.2,1,0,1080,1920,8,1899.0
0,0,0,1,1,0,0,1.45,0,0,0,0,0,0,1.1,1,0,768,1366,4,775.0
0,0,0,1,1,0,0,1.3,0,0,1,0,0,0,2.5,1,0,1800,3200,8,1268.0
0,0,0,1,1,0,1,1.25,1,0,0,0,0,0,1.6,0,0,768,1366,4,389.0
0,0,0,1,1,0,0,1.2,0,0,0,0,0,0,2.4,1,1,1080,1920,8,1535.0
0,0,0,1,1,0,0,1.36,0,0,1,0,0,0,2.6,1,0,1080,1920,8,1760.0
0,0,0,1,0,0,1,2.4,0,0,0,1,0,0,2.5,1,1,1080,1920,12,1009.0
0,0,0,1,1,0,0,1.1,0,0,1,0,0,0,2.7,1,0,1080,1920,8,1790.0
0,0,0,1,0,0,0,2.04,0,0,0,1,0,1,2.5,0,1,768,1366,8,846.5
0,0,0,1,0,1,0,2.25,0,0,0,0,0,1,2.0,0,1,768,1366,4,465.62
0,0,0,1,1,0,0,1.9,0,0,0,0,0,1,2.5,0,1,768,1366,4,825.0
0,0,0,1,1,0,0,2.04,0,0,0,0,0,1,2.4,0,1,1080,1920,4,685.0
0,0,0,1,0,0,0,4.42,0,0,0,1,1,0,2.8,1,0,1080,1920,32,3149.0
0,0,0,1,0,0,0,2.4,0,0,0,1,0,0,2.5,1,1,1080,1920,6,695.0
0,0,0,1,1,0,0,1.22,0,0,0,0,0,0,1.3,1,0,1800,3200,16,1899.0
0,0,0,1,1,0,0,1.5,0,0,1,0,0,0,2.6,1,0,1440,2560,8,1962.98
0,0,0,1,0,0,0,4.42,0,0,0,1,1,0,2.6,1,0,1080,1920,32,2800.0
0,0,0,1,1,0,0,1.95,0,0,0,0,0,0,2.3,1,1,1080,1920,8,1180.0
0,0,0,1,0,0,0,2.73,0,0,0,1,1,0,2.8,1,0,1080,1920,16,2049.9
0,0,0,1,0,0,0,2.04,0,0,0,1,0,0,2.7,1,1,1080,1920,8,979.0
0,0,0,1,1,0,0,1.7,0,0,0,0,0,0,2.3,0,1,768,1366,4,1002.0
0,0,0,1,0,0,0,2.3,0,0,0,1,0,0,2.7,1,0,2160,3840,16,1799.0
0,0,0,1,1,0,0,2.04,0,0,0,0,0,1,2.7,0,1,768,1366,6,579.0
0,0,0,1,0,0,0,2.99,0,0,0,1,1,0,2.8,1,0,1080,1920,16,1749.0
0,0,0,1,1,0,0,2.19,0,0,0,0,0,0,2.7,1,0,1080,1920,12,1299.0
0,0,0,1,1,0,0,1.2,0,0,0,0,0,0,2.3,1,1,1080,1920,4,1195.0
0,0,1,0,0,1,0,2.2,0,0,0,0,0,0,3.6,1,1,1080,1920,6,549.0
0,0,0,1,1,0,0,2.3,0,0,0,0,0,0,2.3,1,1,768,1366,4,649.0
0,0,0,1,1,0,0,1.75,0,0,0,0,0,1,2.3,0,1,768,1366,4,915.0
0,0,0,1,0,1,0,2.25,0,0,0,0,0,1,2.5,0,1,768,1366,4,599.0
0,0,0,1,1,0,0,2.04,0,0,0,0,0,1,2.5,0,1,1080,1920,8,806.0
0,0,0,1,0,0,0,2.5,0,0,0,1,1,0,2.8,1,0,1080,1920,8,1189.0
0,0,0,1,0,1,0,2.36,0,0,0,0,0,1,2.7,0,1,768,1366,8,749.0
0,0,0,1,1,0,0,1.6,0,0,0,0,0,0,2.5,1,1,1080,1920,8,1119.0
0,0,0,1,1,0,0,0.97,0,0,0,0,0,0,1.2,1,0,1080,1920,8,1908.0
0,0,0,1,0,1,0,2.1,0,0,0,0,0,0,2.0,1,1,1080,1920,4,499.0
1,0,0,1,1,0,0,1.9,0,0,0,0,0,0,1.1,1,1,768,1366,4,270.62
0,0,0,1,1,0,0,2.3,0,0,0,0,0,0,2.3,1,1,1080,1920,8,1349.0
0,0,0,1,1,0,0,1.68,0,0,0,0,0,0,2.5,1,0,1080,1920,8,889.0
0,0,0,1,1,0,0,1.4,0,0,0,0,0,0,2.5,1,1,1800,3200,8,1150.0
0,0,0,1,1,0,0,1.11,0,0,1,0,0,0,2.7,1,0,1080,1920,8,1349.0
0,0,0,1,1,0,1,2.4,0,0,0,0,0,1,1.1,0,1,768,1366,4,380.0
0,0,0,1,0,0,0,2.5,0,0,0,1,1,0,2.8,1,0,1080,1920,16,1799.0
0,0,0,1,1,0,0,1.48,0,0,1,0,0,0,2.7,1,0,1080,1920,8,2089.0
0,0,0,1,0,0,1,2.7,0,0,0,1,1,0,2.8,1,0,1080,1920,8,1260.0
0,0,0,1,1,0,0,1.34,0,0,0,0,0,0,2.5,1,1,1080,1920,8,1189.0
0,0,0,1,1,0,0,2.18,0,0,0,0,0,0,2.4,1,1,768,1366,4,547.0
0,0,0,1,1,0,0,1.64,0,0,0,0,0,1,2.5,0,1,768,1366,4,779.0
0,0,0,1,1,0,0,1.2,0,0,0,0,0,0,2.3,1,1,1080,1920,4,1195.0
0,0,0,1,1,0,0,1.48,0,0,0,0,0,0,2.4,1,1,768,1366,4,1099.99
0,0,0,1,1,0,0,1.95,0,0,0,0,0,0,2.5,1,1,1080,1920,4,1205.0
0,0,0,1,1,0,0,1.43,0,0,1,0,0,0,2.6,1,0,1080,1920,8,1449.0
0,0,0,1,0,0,0,1.64,0,0,0,1,0,0,2.5,1,1,1080,1920,8,1049.26
0,0,0,1,1,0,0,1.64,0,0,0,0,0,1,2.4,0,1,768,1366,4,684.0
0,0,0,1,0,0,0,2.65,0,0,0,1,1,0,2.5,0,0,1080,1920,8,949.0
0,0,0,1,1,0,0,1.26,0,0,1,0,0,1,2.5,0,0,1080,1920,4,1539.0
0,0,0,1,1,0,0,1.48,0,0,0,0,0,0,2.5,1,1,1080,1920,4,1590.0
0,0,0,1,1,0,0,1.54,0,0,1,0,0,0,2.5,1,0,1080,1920,8,1887.21
0,0,0,1,1,0,0,1.49,0,0,0,0,0,1,2.4,0,1,768,1366,4,800.0
0,0,0,1,1,0,0,1.5,0,0,0,0,0,0,2.3,1,1,768,1366,8,1210.0
0,0,0,1,1,0,0,2.04,0,0,0,0,0,0,2.4,1,1,768,1366,4,769.99
0,0,0,1,0,0,0,2.4,0,0,0,1,0,0,2.7,1,1,2160,3840,16,2968.0
0,0,0,1,1,0,0,1.47,0,0,0,0,0,0,2.3,1,1,1080,1920,8,1490.0
0,0,0,1,1,0,0,1.43,0,0,0,0,0,0,2.5,1,1,1080,1920,8,2229.0
0,0,0,1,1,0,0,2.08,0,0,0,0,0,1,2.3,0,0,1080,1920,4,795.99
0,0,0,1,1,0,0,1.2,0,0,1,0,0,0,2.3,1,0,1080,1920,8,1590.0
0,0,0,1,1,0,0,1.11,0,0,0,0,0,0,2.5,1,1,1080,1920,8,1149.0
0,0,0,1,0,0,0,1.64,0,0,0,1,0,0,2.7,1,1,1080,1920,8,1185.43
0,0,0,1,1,0,0,2.09,0,0,0,0,0,1,2.4,0,1,1080,1920,8,1046.44
0,0,0,1,1,0,0,1.26,0,0,1,0,0,0,2.5,1,0,768,1366,4,1559.0
0,0,0,1,1,0,0,2.31,0,0,0,0,0,1,2.5,0,1,768,1366,4,1189.0
0,0,0,1,1,0,0,1.95,0,0,0,0,0,1,2.5,0,1,768,1366,4,1060.0
0,0,0,1,1,0,0,1.29,0,0,1,0,0,0,2.5,1,0,1800,3200,8,1624.0
0,0,0,1,0,0,0,2.63,0,0,0,1,0,0,2.5,1,1,1080,1920,8,1080.0
0,0,0,1,1,0,0,1.64,0,0,0,0,0,0,2.5,1,1,768,1366,4,973.0
0,0,1,0,0,1,1,2.1,0,0,0,0,0,1,3.0,0,1,768,1366,6,409.0
0,1,0,1,0,0,0,2.7,0,0,0,1,1,0,2.8,1,0,1080,1920,8,1191.8
0,0,0,1,1,0,0,1.95,0,0,0,0,0,0,2.3,1,1,1080,1920,8,1195.0
0,0,0,1,1,0,0,1.84,0,0,0,0,0,0,2.5,1,1,1080,1920,8,1228.99
0,0,0,1,1,0,0,1.26,0,0,1,0,0,0,2.5,1,0,1080,1920,8,1349.0
0,0,0,1,1,0,0,2.04,0,0,0,0,0,1,2.5,0,1,768,1366,4,742.0
0,0,0,1,1,0,0,1.47,0,0,1,0,0,0,2.6,1,0,1080,1920,8,1725.0
0,0,0,1,1,0,0,2.09,0,0,0,0,0,0,2.4,1,1,1080,1920,8,1062.95
0,0,0,1,1,0,0,1.64,0,0,0,0,0,0,2.5,1,1,1080,1920,8,1010.51
0,0,0,1,1,0,0,1.8,0,0,0,0,0,0,2.5,1,0,1080,1920,4,847.0
0,0,0,1,1,0,0,1.45,1,0,0,0,0,0,1.44,0,1,768,1366,2,210.8
0,0,0,1,0,0,0,2.4,0,0,0,1,0,0,2.5,1,1,1080,1920,16,1425.0
0,0,0,1,1,0,0,2.3,0,0,0,0,0,0,2.3,1,1,1080,1920,8,1049.6
0,0,0,1,1,0,0,1.54,0,0,0,0,0,1,2.3,0,1,1080,1920,4,1000.0
0,0,0,1,1,0,0,1.84,0,0,0,0,0,0,2.4,1,1,1080,1920,8,2103.34
0,0,0,1,1,0,0,1.43,0,0,0,0,0,0,2.3,1,1,1080,1920,8,1469.0
0,1,0,1,0,0,0,3.78,0,0,0,1,1,0,2.7,1,0,1080,1920,16,1545.64
0,0,0,1,0,0,0,4.6,0,0,0,1,1,0,2.6,1,0,1080,1920,16,2289.99
0,0,0,1,1,0,0,1.2,1,0,0,0,0,0,1.6,0,0,768,1366,4,287.9
0,0,0,1,1,0,0,1.1,0,0,0,0,0,0,2.6,1,1,1440,2560,16,2620.0
0,0,0,1,0,0,0,1.91,0,0,0,1,0,1,2.7,0,1,1080,1920,8,979.0
0,0,0,1,1,0,0,2.3,0,0,0,0,0,0,2.7,1,0,1080,1920,8,1094.0
0,0,0,1,1,0,0,2.04,0,0,0,0,0,0,2.5,1,1,768,1366,4,979.0
0,0,0,1,1,0,0,1.2,0,0,1,0,0,0,2.7,1,0,1800,3200,16,2254.0
0,0,0,1,1,0,0,2.31,0,0,0,0,0,1,2.3,0,1,768,1366,4,705.15
1,0,0,1,1,0,0,1.96,0,0,0,0,0,1,2.5,0,1,768,1366,4,499.0
0,0,1,0,0,1,1,2.4,0,0,0,0,0,1,2.2,0,1,768,1366,8,449.0
0,0,0,1,1,0,0,1.6,0,0,0,0,0,0,2.7,1,0,1080,1920,12,1299.0
0,1,0,1,0,0,0,2.94,0,0,0,1,1,0,2.6,1,0,1080,1920,16,1819.0
0,0,0,1,1,0,0,2.04,0,0,0,0,0,0,2.7,1,1,1080,1920,8,1070.0
1,0,0,1,0,0,0,4.0,0,0,0,1,1,1,2.6,0,0,1080,1920,16,998.0
0,0,0,1,1,0,0,2.25,0,0,0,0,0,1,2.5,0,1,1080,1920,4,559.0
0,0,0,1,0,1,0,2.32,0,0,0,0,0,1,2.7,0,1,1080,1920,16,989.99
0,1,0,1,0,0,0,1.8,0,0,0,1,1,0,2.6,1,0,1080,1920,16,1929.0
0,0,0,1,1,0,0,1.29,0,0,1,0,0,0,2.7,1,0,1080,1920,8,1458.0
0,0,0,1,0,0,0,3.58,0,0,0,1,1,0,2.7,1,0,1080,1920,64,3975.0
0,0,0,1,1,0,0,1.62,0,0,0,0,0,0,2.5,1,0,1080,1920,8,798.01
0,0,0,1,0,0,0,3.21,0,0,0,1,1,0,2.6,1,0,2160,3840,16,1329.0
0,0,0,1,1,0,0,0.92,1,0,1,0,0,0,1.1,0,0,1440,2304,8,1300.0
0,0,0,1,1,0,0,2.06,0,0,0,0,0,1,2.3,0,1,768,1366,4,481.98
0,0,0,1,1,0,0,2.31,0,0,0,0,0,1,2.3,0,1,768,1366,4,1199.0
0,0,0,1,1,0,0,1.26,0,0,1,0,0,0,2.3,1,0,1080,1920,8,1199.0
0,0,0,1,1,0,0,1.49,0,0,0,0,0,0,2.7,1,1,1080,1920,8,1090.0
0,0,0,1,1,0,0,1.3,0,0,1,0,0,0,2.5,1,0,1080,1920,8,1713.49
0,0,0,1,0,1,0,3.0,0,0,0,0,0,1,2.3,0,1,900,1600,8,659.0
0,0,0,1,0,0,0,2.3,0,0,0,1,0,1,2.3,0,1,1080,1920,4,977.0
0,1,0,1,0,0,0,3.78,0,0,0,1,1,0,2.8,1,0,1080,1920,16,2499.0
0,0,0,1,1,0,0,2.1,0,0,0,0,0,1,2.3,0,1,768,1366,4,540.0
0,0,0,1,1,0,0,2.31,0,0,0,0,0,1,2.3,0,1,1080,1920,4,940.0
0,0,0,1,1,0,0,0.99,0,0,1,0,0,0,1.2,1,0,1440,2560,8,1399.0
0,0,0,1,0,0,0,4.6,0,0,0,1,1,0,2.7,1,0,1080,1920,32,3240.0
0,0,0,1,1,0,0,0.69,1,0,0,0,0,0,1.44,0,0,1200,1920,4,646.27
0,0,0,1,1,0,0,1.3,0,0,1,0,0,0,2.7,1,0,2160,3840,16,2049.0
0,0,0,1,1,0,0,2.18,0,0,0,0,0,0,2.5,1,1,1080,1920,8,750.0
0,0,0,1,1,0,0,1.54,0,0,0,0,0,1,2.3,0,1,1080,1920,4,1030.99
0,0,0,1,0,1,0,1.9,0,1,0,0,0,0,2.5,1,0,1080,1920,8,1495.0
0,0,0,1,1,0,0,1.7,0,0,0,0,0,0,2.3,1,1,1080,1920,8,1199.0
0,0,0,1,1,0,0,1.29,1,0,0,0,0,0,1.5,0,1,1800,3200,4,615.0
0,0,1,0,0,1,1,2.4,0,0,0,0,0,1,2.2,0,1,768,1366,4,387.0
0,0,0,1,1,0,0,2.2,0,0,0,0,0,1,1.6,0,1,768,1366,4,393.49
1,0,0,1,1,0,0,1.86,0,0,0,0,0,1,2.0,0,1,768,1366,4,345.99
0,0,0,1,0,0,0,2.7,0,0,0,1,1,0,2.8,1,0,1080,1920,8,1599.0
0,0,0,1,0,1,0,1.4,0,0,1,0,0,0,1.6,1,0,1080,1920,4,818.35
0,0,0,1,1,0,0,2.4,0,0,0,0,0,0,2.3,1,0,768,1366,4,1599.0
0,0,0,1,0,0,1,2.4,0,0,0,1,0,0,2.5,1,1,1080,1920,8,799.0
0,0,0,1,0,1,0,2.36,0,0,0,0,0,1,2.5,0,1,1080,1920,8,638.8
0,1,0,1,0,0,0,2.6,0,0,0,1,1,0,2.6,1,0,1080,1920,8,1599.0
0,0,0,1,1,0,0,1.96,0,0,0,0,0,1,1.6,0,1,768,1366,4,500.0
0,0,0,1,0,0,0,4.3,0,0,0,1,1,0,2.6,1,0,1080,1920,16,2299.0
0,0,0,1,1,0,0,1.5,0,0,1,0,0,1,2.3,0,0,768,1366,4,1135.15
0,0,0,1,1,0,0,1.5,0,0,1,0,0,0,2.3,1,0,768,1366,4,1166.97
0,0,0,1,1,0,1,2.2,0,0,0,0,0,0,1.5,1,1,768,1366,4,209.0
0,0,0,1,0,1,0,3.0,0,1,0,0,0,1,2.6,0,0,1080,1920,8,2899.0
0,0,0,1,0,0,0,2.4,0,0,0,1,1,0,2.8,1,0,1080,1920,16,1199.0
0,0,0,1,1,0,0,1.5,0,0,1,0,0,0,2.3,1,0,768,1366,8,1413.1
0,1,0,1,0,0,0,2.9,0,0,0,1,1,0,2.6,1,0,1080,1920,8,1511.19
0,0,0,1,1,0,0,2.1,0,0,0,0,0,0,2.3,1,0,1080,1920,4,867.0
0,0,1,0,0,1,0,2.1,0,0,0,0,0,1,2.5,0,1,1080,1920,4,398.0
0,0,0,1,0,0,0,2.59,0,0,0,1,1,0,2.6,1,0,1080,1920,16,1339.0
0,0,0,1,1,0,0,1.16,0,0,0,0,0,0,1.1,1,1,1800,3200,8,1699.0
0,0,0,1,0,1,0,2.24,0,0,0,0,0,1,2.3,0,1,768,1366,4,769.15
0,0,0,1,1,0,0,2.1,0,0,0,0,0,0,2.0,1,1,768,1366,4,429.0
0,0,0,1,1,0,0,1.16,0,0,1,0,0,0,2.5,1,0,1080,1920,8,1969.0
0,0,0,1,1,0,0,0.69,1,0,0,0,0,0,1.44,0,0,1200,1920,4,549.0
0,0,0,1,1,0,0,1.23,0,0,1,0,0,0,2.4,1,0,1080,1920,8,1379.0
0,0,0,1,0,0,0,4.6,0,0,0,1,1,0,2.7,1,0,1080,1920,16,2749.99
0,0,0,1,1,0,0,1.25,0,0,1,0,0,0,2.5,1,0,2160,3840,8,1029.0
0,0,0,1,1,0,0,1.05,0,0,1,0,0,0,2.7,1,0,1080,1920,16,2226.0
0,0,0,1,0,0,0,3.52,0,0,0,1,1,0,2.6,1,0,1080,1920,8,1312.49
0,0,0,1,1,0,0,1.35,1,0,0,0,0,0,1.44,0,1,1080,1920,4,196.0
0,0,0,1,1,0,0,1.16,0,0,0,0,0,0,2.3,1,1,1080,1920,8,1690.0
0,0,0,1,1,0,0,1.43,0,0,0,0,0,0,2.3,1,1,1080,1920,8,1513.0
0,0,0,1,1,0,0,2.09,0,0,0,0,0,1,2.3,0,1,768,1366,4,523.63
0,0,0,1,1,0,0,2.0,0,0,0,0,0,1,2.4,0,1,768,1366,4,435.0
0,0,0,1,1,0,0,1.8,0,0,0,0,0,0,2.5,1,0,1080,1920,8,1669.0
0,0,0,1,1,0,0,0.69,1,0,0,0,0,0,1.44,0,0,1200,1920,4,479.0
0,0,0,1,1,0,0,1.26,0,0,1,0,0,0,2.4,1,0,768,1366,8,1895.0
1,0,0,1,0,0,0,2.4,0,0,0,1,1,0,2.5,1,0,1080,1920,8,989.0
0,0,0,1,0,0,0,3.35,0,0,0,1,1,0,2.3,1,0,1080,1920,8,1129.0
0,0,0,1,1,0,0,2.04,0,0,0,0,0,1,2.7,0,1,768,1366,8,629.0
0,0,0,1,0,0,0,1.8,0,0,0,1,0,0,2.6,1,0,1080,1920,8,2050.38
0,0,0,1,1,0,0,1.5,1,0,0,0,0,0,1.1,0,1,768,1366,4,278.0
0,0,0,1,1,0,0,1.84,0,0,1,0,0,0,2.7,1,0,1080,1920,8,752.0
0,0,0,1,0,0,1,2.23,0,0,0,1,0,1,2.5,0,1,1080,1920,4,616.0
0,0,0,1,0,1,0,2.5,0,0,0,0,0,0,2.5,0,1,1080,1920,16,1099.0
0,0,0,1,0,0,0,3.0,0,1,0,1,0,0,2.6,1,0,1080,1920,8,3949.4
0,0,0,1,0,1,0,2.5,0,0,0,0,0,1,2.5,0,1,768,1366,8,784.0
0,1,0,1,0,0,0,3.78,0,0,0,1,1,0,2.7,1,0,1080,1920,16,2399.0
0,0,0,1,1,0,0,1.88,0,0,1,0,0,0,2.5,1,0,1080,1920,8,2171.72
0,0,0,1,1,0,0,2.8,0,0,0,0,0,0,2.6,1,0,1440,2560,16,2440.0
0,1,0,1,0,0,0,2.4,0,0,0,1,1,0,2.8,1,0,1080,1920,8,1142.8
0,0,0,1,1,0,0,1.48,0,0,0,0,0,0,2.4,1,0,1080,1920,8,1629.0
0,0,0,1,0,0,0,2.59,0,1,0,1,0,0,2.6,1,0,1080,1920,8,2229.0
0,0,0,1,1,0,0,1.48,0,0,0,0,0,0,2.6,1,0,1440,2560,8,1799.0
0,0,0,1,0,0,0,2.0,0,1,0,1,0,0,2.6,1,0,1080,1920,8,1899.0
0,0,0,1,1,0,0,1.26,0,0,1,0,0,0,2.5,1,0,1080,1920,8,2296.95
0,0,0,1,0,0,0,2.18,0,0,0,1,0,0,2.7,1,1,1080,1920,8,1009.9
0,0,0,1,1,0,0,1.88,0,0,0,0,0,0,2.3,1,1,1080,1920,8,1579.0
0,0,0,1,1,0,0,1.27,0,0,0,0,0,0,2.5,1,0,1440,2560,8,2339.0
1,0,0,1,1,0,0,1.9,0,0,0,0,0,1,2.0,0,1,768,1366,4,339.0
0,0,1,0,0,1,0,1.86,0,0,0,0,0,1,1.8,0,1,768,1366,4,297.0
1,0,0,1,0,1,0,2.32,0,0,0,0,0,1,2.3,0,1,1080,1920,8,599.0
0,0,0,1,0,0,0,2.62,0,0,0,1,1,1,2.8,0,0,1080,1920,8,1199.0
0,0,0,1,0,0,0,2.04,0,0,0,1,0,0,2.3,1,1,2160,3840,8,2250.68
0,0,1,0,0,1,0,1.91,0,0,0,0,0,0,2.5,1,1,1080,1920,4,478.89
0,1,0,1,0,0,0,2.7,0,0,0,1,1,0,2.8,1,0,1080,1920,16,1492.8
0,0,0,1,1,0,0,1.4,0,0,1,0,0,0,2.6,1,0,1080,1920,12,2299.0
0,0,0,1,0,1,0,2.5,0,0,0,0,0,0,2.3,0,1,1080,1920,8,788.49
0,0,0,1,1,0,0,1.48,0,0,0,0,0,0,2.6,1,0,1440,2560,8,2041.0
0,0,0,1,1,0,0,1.7,0,0,1,0,0,0,2.6,1,0,1080,1920,8,1499.0
0,1,0,1,0,0,0,1.7,0,0,0,1,1,0,2.6,1,0,1080,1920,16,1769.0
0,0,0,1,0,0,0,2.62,0,0,0,1,1,1,2.8,0,0,1080,1920,8,899.0
0,0,0,1,1,0,0,2.2,0,0,0,0,0,1,2.0,0,1,768,1366,8,459.0
1,0,0,1,1,0,0,2.1,0,0,0,0,0,1,2.3,0,1,768,1366,4,476.99
0,0,0,1,0,0,0,2.62,0,0,0,1,1,0,2.8,1,0,2160,3840,8,1498.0
0,0,0,1,1,0,0,1.95,0,0,0,0,0,0,2.5,1,1,1080,1920,8,1390.0
0,0,0,1,0,0,0,2.2,0,0,0,1,0,1,2.0,0,1,1080,1920,4,468.0
0,0,0,1,1,0,0,1.44,1,0,0,0,0,0,1.6,0,1,768,1366,2,249.0
0,1,0,1,0,0,0,2.2,0,0,0,1,1,1,2.7,0,0,1080,1920,8,839.0
0,0,0,1,1,0,0,1.96,0,0,0,0,0,0,2.5,1,1,1080,1920,8,679.0
0,0,0,1,1,0,0,2.1,0,0,0,0,0,0,1.8,1,1,1080,1920,16,1159.0
0,0,0,1,1,0,0,2.2,0,0,0,0,0,1,1.6,0,1,768,1366,4,369.0
1,0,0,1,1,0,0,2.1,0,0,0,0,0,1,2.3,0,1,768,1366,4,398.0
1,0,0,1,0,0,0,2.2,0,0,0,1,0,1,2.7,0,1,1080,1920,8,709.0
0,0,0,1,1,0,0,2.0,0,0,0,0,0,0,2.4,1,1,1080,1920,4,769.0
0,0,0,1,1,0,0,2.32,0,0,0,0,0,0,2.5,0,1,1080,1920,4,825.0
0,0,0,1,0,0,0,3.31,0,0,0,1,1,0,2.6,1,0,1080,1920,16,1305.0
0,1,0,1,0,0,0,1.91,0,0,0,1,1,0,2.6,1,0,1080,1920,16,2153.37
0,0,0,1,1,0,0,2.07,0,0,0,0,0,1,2.3,0,1,768,1366,4,650.0
0,0,0,1,1,0,0,1.36,0,0,0,0,0,0,2.3,1,0,1440,2560,8,1637.0
0,0,0,1,0,0,0,1.54,0,0,1,1,0,0,2.7,1,0,1080,1920,6,831.0
0,0,0,1,0,0,0,1.98,0,0,0,1,0,0,2.7,1,1,1080,1920,8,895.01
0,0,0,1,1,0,1,2.1,0,0,0,0,0,1,2.0,0,1,768,1366,4,333.0
0,0,0,1,0,0,0,2.18,0,0,0,1,0,1,2.6,0,1,1080,1920,6,799.0
0,0,0,1,0,0,0,2.591,0,0,0,1,1,0,2.6,1,0,1080,1920,8,909.0
0,0,0,1,1,0,0,2.09,0,0,0,0,0,0,2.7,1,0,1080,1920,16,1179.0
0,0,0,1,0,0,1,2.23,0,0,0,1,0,0,2.5,1,1,1080,1920,4,691.0
0,0,0,1,1,0,0,1.23,0,0,1,0,0,0,2.4,1,0,1800,3200,8,1099.0
0,0,0,1,0,0,1,4.2,0,0,0,1,1,0,2.8,1,0,1080,1920,16,2599.0
0,0,0,1,0,0,0,2.4,0,0,0,1,1,1,2.5,0,0,1080,1920,8,819.0
0,0,0,0,0,0,0,1.15,1,0,0,0,0,0,2.0,0,0,1600,2400,4,659.0
0,0,0,1,1,0,0,1.86,0,0,0,0,0,1,2.5,0,1,768,1366,4,485.0
0,0,0,1,1,0,0,0.92,1,0,1,0,0,0,1.1,0,0,1440,2304,8,1163.0
0,0,0,1,1,0,0,1.6,0,0,0,0,0,0,2.5,1,0,1080,1920,8,1199.0
0,0,0,1,0,0,0,2.21,0,0,0,1,0,0,2.8,1,1,1080,1920,12,1327.0
1,0,0,1,0,1,0,1.9,0,0,0,0,0,1,2.0,0,1,768,1366,4,368.0
0,0,0,1,0,0,0,4.3,0,0,0,1,1,0,2.6,1,0,1080,1920,16,2150.0
0,0,0,1,1,0,1,2.1,0,0,0,0,0,1,2.0,0,1,768,1366,4,272.0
0,1,0,1,0,0,0,2.43,0,0,0,1,1,0,2.8,1,0,1080,1920,16,2048.9
0,0,0,1,0,1,0,2.3,0,0,0,0,0,0,2.0,1,1,768,1366,4,499.0
1,0,0,1,0,0,0,2.2,0,0,0,1,0,1,2.5,0,1,768,1366,8,629.0
0,0,0,1,1,0,0,2.0,0,0,0,0,0,0,1.8,1,0,1080,1920,16,1285.0
0,0,0,1,1,0,0,1.2,0,0,1,0,0,0,2.7,1,0,1800,3200,16,2680.0
0,0,0,1,0,0,0,2.2,0,0,0,1,1,1,2.6,0,0,1080,1920,8,1169.0
0,0,0,1,0,1,0,2.36,0,0,0,0,0,0,2.5,1,1,1080,1920,8,889.0
0,0,0,1,1,0,0,1.91,0,0,0,0,0,0,2.5,1,1,768,1366,8,579.0
0,0,1,0,0,1,0,2.2,0,0,0,0,0,1,2.2,0,1,768,1366,4,299.0
0,0,0,1,0,0,1,3.3,0,0,0,1,0,1,2.0,0,1,900,1600,8,629.0
0,0,0,1,0,0,0,2.2,0,0,0,1,1,0,2.8,1,0,1080,1920,16,2449.0
0,0,0,1,1,0,0,0.92,1,0,1,0,0,0,1.2,0,0,1440,2304,8,1279.0
0,0,0,1,0,0,0,2.2,0,0,0,1,0,0,2.8,1,1,1080,1920,16,1749.0
0,1,0,1,0,0,0,2.43,0,0,0,1,1,0,2.6,1,0,1080,1920,16,1948.99
0,0,0,1,1,0,0,2.191,0,0,0,0,0,0,2.5,1,0,1080,1920,8,999.0
0,0,0,1,0,0,0,2.9,0,0,0,1,1,0,2.8,1,0,1080,1920,16,1949.0
0,0,0,1,1,0,1,1.3,0,0,0,0,0,0,1.5,1,0,768,1366,2,174.0
0,0,0,1,0,0,1,3.3,0,0,0,1,0,1,2.0,0,1,900,1600,4,598.0
1,0,0,1,1,0,0,2.8,0,0,0,0,0,1,2.5,0,1,900,1600,8,539.0
0,0,0,1,0,0,0,2.6,0,0,0,1,1,0,2.6,1,0,1080,1920,8,1272.0
0,0,0,1,1,0,1,1.2,0,0,0,0,0,0,1.3,1,0,1080,1920,8,1149.0
0,0,0,1,1,0,0,2.3,0,0,0,0,0,0,2.6,1,1,1080,1920,8,1529.0
0,1,0,1,0,0,0,2.2,0,0,0,1,1,0,2.6,1,0,1080,1920,8,1476.11
0,0,1,0,0,1,0,2.1,0,0,0,0,0,1,2.7,0,1,1080,1920,6,529.0
0,0,0,1,1,0,0,1.26,0,0,1,0,0,0,2.4,1,0,1080,1920,8,1713.37
0,0,0,1,1,0,0,2.08,0,0,0,0,0,1,2.4,0,0,1080,1920,4,509.0
0,0,0,1,1,0,0,2.65,0,0,0,0,0,1,1.6,0,1,768,1366,4,309.0
0,0,0,1,1,0,0,1.29,0,0,1,0,0,0,2.7,1,0,1800,3200,8,1477.0
0,0,0,1,1,0,0,2.18,0,0,0,0,0,1,2.5,0,1,768,1366,4,521.86
0,0,0,1,0,0,0,2.6,0,0,0,1,1,0,2.6,1,0,1080,1920,16,1029.0
0,1,0,1,0,0,0,2.2,0,0,0,1,1,0,2.8,1,0,1080,1920,8,1149.0
0,0,0,1,1,0,0,1.3,0,0,0,0,0,0,2.5,1,0,1080,1920,16,1650.0
0,0,0,1,0,0,0,1.95,0,0,0,1,1,0,2.8,1,0,1080,1920,16,3499.0
0,0,0,1,1,0,0,2.3,0,0,0,0,0,1,2.4,0,1,768,1366,8,469.01
0,1,0,1,0,0,0,2.7,0,0,0,1,1,0,2.8,1,0,1080,1920,16,1598.0
0,0,0,1,1,0,0,1.08,1,0,1,0,0,0,1.6,0,0,768,1366,4,959.0
0,0,0,1,1,0,0,2.1,0,0,0,0,0,1,2.0,0,1,1080,1920,4,478.0
0,0,0,1,1,0,0,1.54,0,0,1,0,0,0,2.5,1,0,1440,2560,8,2198.19
0,0,0,1,1,0,0,2.24,0,0,0,0,0,1,2.3,0,1,768,1366,4,737.0
0,1,0,1,0,0,0,2.3,0,0,0,1,1,0,2.6,1,0,1080,1920,8,1169.0
0,0,0,1,1,0,0,1.4,0,0,0,0,0,0,2.7,1,1,1080,1920,16,1499.0
0,0,1,0,0,1,0,2.2,0,0,0,0,0,0,3.6,1,1,1080,1920,6,597.57
0,0,0,1,1,0,0,1.45,0,0,1,0,0,0,2.5,1,0,1080,1920,8,1280.0
0,0,0,1,1,0,1,2.4,0,0,0,0,0,1,2.0,0,1,768,1366,4,361.8
0,0,0,1,0,0,0,2.77,0,0,0,1,0,0,2.7,1,0,1080,1920,16,1799.0
0,0,0,1,1,0,0,1.54,0,0,0,0,0,0,2.3,1,1,1080,1920,4,1099.99
0,0,0,1,0,0,0,2.5,0,0,0,1,1,0,2.8,1,0,1080,1920,16,1600.0
0,0,0,1,1,0,0,1.6,0,0,0,0,0,1,2.5,0,1,768,1366,4,875.0
0,0,0,1,0,0,0,2.34,0,0,0,1,1,0,2.6,1,0,1080,1920,16,2325.0
1,0,0,1,1,0,0,2.3,0,0,0,0,0,0,2.5,1,1,1080,1920,8,573.0
0,0,0,1,1,0,0,1.24,0,0,0,0,0,0,1.2,1,0,1800,3200,8,1813.0
0,0,0,1,1,0,0,2.2,0,0,0,0,0,1,1.6,0,1,768,1366,4,324.0
0,0,1,0,0,1,0,1.86,0,0,0,0,0,1,2.5,0,1,768,1366,4,399.0
0,0,0,1,0,0,0,2.4,0,0,0,1,0,0,2.3,1,1,1080,1920,6,569.0
0,0,0,1,1,0,0,1.9,0,0,0,0,0,0,2.3,1,1,1080,1920,8,1072.0
0,0,0,1,1,0,0,2.2,0,0,0,0,0,1,1.6,0,1,768,1366,4,443.99
0,0,0,1,1,0,0,2.0,0,0,0,0,0,1,1.1,0,1,768,1366,4,339.0
0,0,0,1,0,0,0,4.0,0,0,0,1,1,0,2.6,1,0,1080,1920,16,1900.0
0,0,0,1,1,0,0,2.29,0,0,0,0,0,1,2.0,0,1,768,1366,4,490.0
0,0,0,1,0,1,0,2.32,0,0,0,0,0,0,2.5,0,1,1080,1920,8,895.0
0,1,0,1,0,0,0,2.4,0,0,0,1,1,0,2.6,1,0,1080,1920,8,1229.0
0,0,0,1,1,0,0,1.8,0,0,0,0,0,0,2.3,1,0,1080,1920,4,833.01
0,0,0,1,1,0,0,1.2,0,0,1,0,0,0,0.9,1,0,1080,1920,8,729.0
0,0,0,1,1,0,0,2.3,0,0,0,0,0,1,2.4,0,1,768,1366,6,459.0
0,0,0,1,1,0,1,2.4,0,0,0,0,0,1,1.6,0,1,768,1366,4,289.0
0,0,0,1,1,0,0,2.2,0,0,0,0,0,1,1.6,0,1,768,1366,2,379.0
0,0,0,1,0,0,0,2.6,0,0,0,1,0,1,2.6,0,1,1080,1920,8,899.0
0,0,1,0,0,1,0,2.04,0,0,0,0,0,0,2.9,0,1,1080,1920,6,549.99
0,0,0,1,0,1,0,2.3,0,0,0,0,0,1,2.7,0,1,768,1366,8,805.99
0,0,0,1,1,0,0,1.17,1,0,0,0,0,0,1.6,0,0,768,1366,2,209.0
0,0,0,1,0,0,0,2.2,0,0,0,1,0,1,2.5,0,1,768,1366,4,720.32
0,0,0,1,1,0,0,1.8,0,0,0,0,0,0,2.5,1,0,1080,1920,4,638.0
0,0,0,1,1,0,0,1.3,0,0,0,0,0,0,2.5,1,0,1800,3200,16,1499.0
0,0,0,1,1,0,0,1.5,1,0,0,0,0,0,1.6,0,1,768,1366,2,229.0
0,0,0,1,0,1,0,2.19,0,0,0,0,0,1,2.5,0,1,768,1366,6,764.0
0,0,0,1,1,0,0,2.2,0,0,0,0,0,1,1.6,0,1,768,1366,4,369.0
0,0,0,1,1,0,0,1.2,0,0,1,0,0,0,0.9,1,0,1080,1920,8,729.0
0,0,0,1,1,0,0,2.3,0,0,0,0,0,1,2.4,0,1,768,1366,6,459.0
0,0,0,1,1,0,1,2.4,0,0,0,0,0,1,1.6,0,1,768,1366,4,289.0
0,0,0,1,1,0,0,2.2,0,0,0,0,0,1,1.6,0,1,768,1366,2,379.0
0,0,0,1,0,0,0,2.6,0,0,0,1,0,1,2.6,0,1,1080,1920,8,899.0
0,0,1,0,0,1,0,2.04,0,0,0,0,0,0,2.9,0,1,1080,1920,6,549.99
0,0,0,1,0,1,0,2.3,0,0,0,0,0,1,2.7,0,1,768,1366,8,805.99
0,0,0,1,1,0,0,1.17,1,0,0,0,0,0,1.6,0,0,768,1366,2,209.0
0,0,0,1,0,0,0,2.2,0,0,0,1,0,1,2.5,0,1,768,1366,4,720.32
0,0,0,1,1,0,0,1.8,0,0,0,0,0,0,2.5,1,0,1080,1920,4,638.0
0,0,0,1,1,0,0,1.3,0,0,0,0,0,0,2.5,1,0,1800,3200,16,1499.0
0,0,0,1,1,0,0,1.5,1,0,0,0,0,0,1.6,0,1,768,1366,2,229.0
0,0,0,1,0,1,0,2.19,0,0,0,0,0,1,2.5,0,1,768,1366,6,764.0
0,0,0,1,1,0,0,2.2,0,0,0,0,0,1,1.6,0,1,768,1366,4,369.0
0,0,0,1,1,0,0,1.2,0,0,1,0,0,0,0.9,1,0,1080,1920,8,729.0
0,0,0,1,1,0,0,2.3,0,0,0,0,0,1,2.4,0,1,768,1366,6,459.0
0,0,0,1,1,0,1,2.4,0,0,0,0,0,1,1.6,0,1,768,1366,4,289.0
0,0,0,1,1,0,0,2.2,0,0,0,0,0,1,1.6,0,1,768,1366,2,379.0
0,0,0,1,0,0,0,2.6,0,0,0,1,0,1,2.6,0,1,1080,1920,8,899.0
0,0,1,0,0,1,0,2.04,0,0,0,0,0,0,2.9,0,1,1080,1920,6,549.99
0,0,0,1,0,1,0,2.3,0,0,0,0,0,1,2.7,0,1,768,1366,8,805.99
0,0,0,1,1,0,0,1.17,1,0,0,0,0,0,1.6,0,0,768,1366,2,209.0
0,0,0,1,0,0,0,2.2,0,0,0,1,0,1,2.5,0,1,768,1366,4,720.32
0,0,0,1,1,0,0,1.8,0,0,0,0,0,0,2.5,1,0,1080,1920,4,638.0
0,0,0,1,1,0,0,1.3,0,0,0,0,0,0,2.5,1,0,1800,3200,16,1499.0
0,0,0,1,1,0,0,1.5,1,0,0,0,0,0,1.6,0,1,768,1366,2,229.0
0,0,0,1,0,1,0,2.19,0,0,0,0,0,1,2.5,0,1,768,1366,6,764.0
0,0,0,1,1,0,0,2.2,0,0,0,0,0,1,1.6,0,1,768,1366,4,369.0
